tweetid,content,polarity
768225400254111744,yo soy totalmente puntual,NONE
770077064833671168,hola sandra no le habia deseado un feliz dia de la madre tarde pero seguro sabe usted si juno ha tomado mas fotos,P
771207534342320128,si andan haciendo eso mejor se quedaran calladita jaja pero así se están quemando ellas mismas e insinuando que son unas metidas,N
771900763987513345,que pereza quiero choco banano,N
772550560998301697,bueno no es tanto lo mayor como cuánto de campo sea usted sos cartaguito en cada aspecto de tu vida por lo visto,N
772594807357124608,pasé todo el día buscando mi baby lips y lo acabo de encontrar estaba en la mesita de noche de fijo lo puse ahí dormida,NEU
772264329433509888,el de halcon de terminal se ve mortal y los de mary jo bang se fueron volando pero todavía quedan en duluth hay de salido,P
771140523562143744,ahorita me van a cambiar las ligas de los brackett tengo alfajores argentinos en mi bulto tengo hambre qué hago no puedo esperar más,NONE
773525753082187776,el amor es paciente es bondadoso no es envidioso ni orgulloso no es egoísta no guarda rencor corintios buen día a todos,P
774595982600253441,el amanecer respirando o puro es más que un regalo más si es a las am frente al mar preparando la mente con meditación,P
774723515995914240,acabo de ver una hamaca con un piercing de mota en el ombligo lo peor es que tiene cara de que lo que fuma es jamón,N
773655374796759041,hacha se si tiene un hace rato era de cambiarlo haha yo creo que si aguanta el mio bastantito casi año ya,NEU
774256876787671040,acabo de ver a una compañera de trabajo y me sentí tentado a saludarla con la trompa del carro a 150kmph intencionalmente,N
774803451830087680,ah si gracias esas son las que he encontrado hasta ahora antes en pricesmart las vendían hace años pero ya no,NONE
774852457209880576,buenas noches papas que descansen,P
774865746639728640,me faltan mil colores la única manera de hacer toda la entrada de metallica es literal pichaseandome esta semana trabajar horas,N
773360298472329216,alvarado velando por mi salud,NONE
773378686301016065,nunca hacen nada hasta que exista según ellos más evidencia o sea aparecer más de veces al día en tu casa no es válido,N
775116236912984064,me alegra muchísimo que te gustara igualmente un placer saludarte la próxima que vengas a sj aviso con tiempo y vamos por café,P
768160329486495744,hoy tengo preguntas existenciales por qué hoy esta haciendo tanto frío y porque me volvió a dar hipo después de tantos años,NONE
768203766898233345,aquí en chupe dónde consigo un buen sartén de hierro vi unos en universal marca gibson q ni siquiera aparecen en internet,NONE
769270495971770368,nunca dije lo contrario,NONE
769305893976485888,a mí me dan ganas de volarlo pero me acuerdo de que mi pelo es un desmadre y me lo dejo querido,N
769344454088019968,pobre bastian scheweisteinger lo que le está pasando en el united es muy crack y el genio de you no lo quiere,P
769339737043677186,esta la mejor de las suertes disfruta la noche disfruta del grande saludos desde costa rica buena vida pura vida,P
757258941210382340,mae mañana llego a las cuidado te quedas dormida porque a las estoy ahí llena se quedó dormida y no ha llegado,N
757247192050446337,mi familia va para la playa y yo por irresponsable tengo que quedarme haciendo los extra clases que tengo para el martes,NONE
757252258127941632,matt cómodo años él ha sido parte del tourjunto con las bicis y las camisas amarilla muchas gracias,P
757123970256605185,mejor me duermo buenas noches,NEU
757418118947872768,mi horario de este semestre es tan tan feo que me tendré que despedir de mi poca vida social y del estreno de suicide squad,N
756912334816186368,sabia que no iba a ser un buen día cuando me dejó el bus y se me rompió la faja del bolso,N
756520939492302849,mas la vida es una mierda estén felices o no mejor sonrían y aprovechen el tiempo estar amargado no la va a hacer menos mierda,NEU
756650097102893056,que mal y por eso es que están jugando yo creo q los jugadores viejos o de la casa deberían tener prioridad pero bueno,N
756618178650923008,parce yo estoy igual,NEU
756700943043928064,gracias a dios cerrando con broche de oro dios siempre dando lo mejor a sus hijos esta semana fue mucho mejor que la pasada thnksgod,P
756313579872096256,hola soy paulo y soy parte de la primera generación que va a tener resolución de problemas en bach de mate,NONE
756354568003457024,excelente cuando me den el carro lo molesto igual no conozco a nadie mas q haga uber asi que el bono es suyo,P
757793484468211713,acá tengo pero ugh la canela no me gusta mucho es que es que me cae pesado pero se me quitará gracias kris,N
756184498606190592,yo solo quiero dormir mas,N
775941293411176450,buenas noches papas que descansen,P
775928256633581568,oiga porque no me reviven a escobar pa que se ponga interesante la serie eh jajaja es en serio,N
756194807630798853,el único senador q se dirigió en español a la audiencia republicana para apoyar a es de padres costarricenses qué pena,N
758066276388384768,el horario me quedo tan perfecto y tengo tan buenas expectativas de los profes que ya quiero entrar a clases tan bichoraro lo sé,P
755513187957518336,atf yo tengo mi biblia firmada por el diablo kono pero eso es lo que se me vino a la mente v,NONE
760675856326860800,sólo mi mamá logra por primera vez una cena en paz con toda la familia rodríguez qué feliz soy de tener la madre que tengo,P
760711448544837632,yo vivo a metros de la basílica y salí a ver el juego de polvora de estos dos días muy bonito nadaquehacer,P
759198767451025408,fijo está demasiado hermoso,P
760357231913119744,viendo looking queens as folk y así me doy cuenta que nunca he tenido un grupo de mejores amigos gays alguien me adopta,P
760177672525783040,recuerdo cuando le escribía a mi hermana para que me motivada y me hiciera sentir útil dios me dio a la mejor hermana,P
760585615532437506,hoy inicia la concachampions pero realmente no importa porque no esta la en todo caso la voy a seguir porque si,N
760090117587476480,buenos días inicio de mes a darlo todo aunque sea más o menos bueno en algo feliz inicio de semana,P
759229676669792257,llego a la casa a las caminando no hay comida todos están dormidos mañana tengo clases a las sam todo esta bien,N
760756300007477248,lo termine a las am hora costa rica porque se me hizo súper adictivo me gusto pero no me encanto lcshinyforflowers,P
761208380954337280,yo estoy triste por rap,N
761702018197164032,fiesta bandera día de la cerveza semana último día de experiencia y así no quieren que me vaya de parranda,P
763031266169982977,esta estupida de abi a la par mía esperando a que saquen el desgraciado trailer de residente evil butterfly hasta as md la vamos,P
762833657526497281,con agua hielo regularmente para que se mantenga fresca y un poquito de azúcar a la semana me han durado hasta más de mes,P
763042513913544705,nos encanta hacerte feliz,P
764523142995783680,en estas épocas no hay que decirle no a ningún trofeo y es conmemorativo para todos los equipos que ganen en la jornada,NEU
763092730163568640,yo ni se que le hice me deja de hablar de la nada y ni sabe cuanto la extraño chas gracias,N
762980998762012672,y las emergencias la gente que necesita ir a hospitales los que esperan cita desde hace años ahh no yo apoyo el paro nacional jiji,N
763162519582052352,entonces no es indigente ni tiene problemas mentales eso no justifica nada la lanza como muñeca a la calle,N
765284549127442436,no voy a poder ver a mi mamá el día de la madre por un hijo de la grandísima puta bien,N
764569008465072129,la daniela me tienen griselda,N
758120146607091712,totalmente lo del físico se deja atrás cuando el una persona atractiva en todo sentido incluyendo sus propuestas y cerebro,P
755603120034488320,cual es tu helado favorito y comida como te parecio costa rica cuando viniste y a donde fuiste sigueme pis saludos bye,NONE
755006351793807360,acabo de preguntarle al mae de a la par que para donde va pero no fue por vida esque estoy demasiado perdida,NONE
755234728156864512,hoy están participando muchas más mujeres lo que me alegra mucho ya sea para preguntas propias o para hacer preguntas por su pareja,P
758395896094752768,aburres sí he visto q los motociclistas andan especialmente violentos le pegan a los carros los patean le gritan a la gente y esto,N
755966460355235840,lo bueno es que voy para salamanca y caquita en una gira lo malo es que es el finde antes del examen de analítica,NEU
758632139751579649,no me quiero levantar ayuda,N
758451150349664256,mm no quiero hacer spoiler pero hoy va a ver algo nuevo en el caballo podras ver en el nuevo video que subir en unas horas,NEU
766391854149623809,quizá para profesionales no sea muchopero hay no remunerado principalmente femenino para quienes es un sueño pasa en mi país,N
767053112007733248,qué perfume usas yo victorias secret x ah yo uso uno de pink que es más caro que ese,N
766460456634425344,hay gente aficionada al fútbol hay fanáticos hay envenenados y hay otros hijueputa necios igual que todo en la vida,N
767170856778928133,quiero hacer una pregunta si puedo yay bueno la pregunta es vas o irías a un jóvenes en victoria,NONE
767154504647139328,vos también estabas ay que triste nombres sí yo estaba durmiendo para ir a clase hoy a las 730 te extraño bebé,N
767156227042226177,solo me quedan sábados más así jiji qué días estás yendo a la u que no te he visto,NEU
761474790284595200,que feo eso de decepcionarte,N
762419931371622400,delicioso san rafael ezcazu,P
761938992849838081,hahahaha no lo había visto pero ojo me desperté a las y estoy tratando de dormir no puede ser q ste despierto aún,NEU
761195957903953920,llego tarde soy hugo fan la empecé en el crecí con ella sube y cae tiene de todo como toda serie temporadas favoritas,P
762076127376515073,seamos sinceros mi rostro inocente y un amigo no me podés abrir es que perdí las llaves y mi roommate no contesta abre,NONE
760726897819017216,yo también tuve los libros de amp y no me convencieron yo pasé los exámenes pero gracias a los exámenes viejos,NEU
760715780732354561,yo solo las lucas,NONE
762534291255414784,cr hola quería agradecer al personal del starbucks de la sabana por guardar mi cartera olvidada son los mejores saludos,P
761372585900638208,buenísimo yo mañana voy a clase de de la tarde que es yoga dance es como yoga pero aeróbic,P
777291543321260032,ya no estoy para mandarle sacando conversación a alguien si la vara fluye bueno y sino va pa la mierda,N
777637901777514497,me cago en la puta,N
779066354758397954,el post que compartió no voy a poder estar tranquila hasta que anuncie quién viene y ya estoy pobre gar metallica,N
779085697554579456,saludos desde costa rica malaya q siempre te escribo y nunca me respondes igual nunca me canso de escucharte besos,NEU
778795757985865730,el chavo no estaba triste,P
779475155022123008,c que triste es la realidad,N
779505704000364544,muy bueno chiquilla no hay que tirar piedras al techo del vecino si el tuyo es de cristal feliz noche poli,P
778686044405321728,nada más bonito que ir en bus lleno y que alguien comience a toser como si se le fuera a salir un pulmón,N
777260686258819072,se ve fea en general,N
778387007831552000,jajaja yo me pegué el susto de la vida y luego la espera por meterlo al taller de icon pero ya está vivo,NEU
778399423256592384,tan linda diana muchas gracias vamos a ver cómo me acomodo ahora con trabajo nuevo cuesta un montón yo te apoyo desde acá,NEU
778399123007569920,y son años de acompañarnos es mi edad y he crecido de la mano con ustedes mil gracias ante ale,P
779322857750827008,oops cierto me mata,N
779181319024619520,nota personal no ver videos de noche sobre youtube comiendo no ver videos de noche sobre youtube comiendo no ver videos de noche,N
779173176357982208,cosas q debemos usar para simplificar nuestra vida el cerebro sentido común una sonrisa y eliminar a quién no nos interesa simple,P
779167291774685184,una mil gracias por todo te prometo en los siguientes años titular aunque me haya costado llegar hasta donde estoy hoy,P
783372962971971585,rajado cuando pasan años te das cuenta que unas cosas cambian otras se mantienen para dar tranquilidad en los dias libres,NEU
783221220649172992,ct hola queria preguntarte si el nuevo cafe chiapas es el mismo shade brown porque voy a hacer degustación pronto,NONE
784013195321061376,jajajajajajaja no soy la que consume no la que las produce saludos jason que disfrute ese súper viaje,P
783173947051216896,mi mamá adoptó una gata que dejaron bobada al frente de la casa si alguien necesita gatos me escriben tengo,NONE
784856579795513344,será que un entreno es un entrenamiento artesanal digo como ahora todo es artesanal,N
784796015702441984,esa es otra buena idea aunque la dinámica de él a sus y la mía esa misma edad es muy distinta,P
784254527365013504,la vara es que ya tengo como quiz una edición dos exámenes un ensayo y lo peor es que mis vacaciones ya casi acaban,N
785140294119485440,de comics y de humor negro no y estaré tiempo fuera de youtube si logro volver es con una idea diferente y cool,NEU
785015004647030784,ah era hoy mañana durante el día puede llamarme y con mucho gusto a plena luz del día no en lo escrito en barrios mierda,N
780613787376242703,hola odiosa me hace falta,N
779847537574318080,ocupo que den un secret pascoe para que las beliebers compren las entradas antes y después las que sobran las ponen a la venta normal,NONE
779562872791851008,me siento triste y solo,N
781273986554486784,si por aca hay algún chico o una chica mayor de que busca empleo para temporada navideña en tienda que me ponga un dm,NONE
781301714188054528,jajaja por cierto hasta ahorita me percaté del username y yo preguntando dónde vive soy un imbécil perdón,N
779569425573818369,fijo a esa mae algún famoso le dijo algo entonces por eso se cree la mas rica y solicitada del puerto es mi opinión,NEU
780895754730676224,no salí el fin de semana porque hoy tenía examen y salgo del examen y nadie quiere ir por una torta chilena,N
779921033184903168,ayer la gente de mi fbi se portó mejor que la de mi tl de te en relación con el tema de los himnos,NEU
780481040225796097,bienvenida a los juegos mentales,P
779685439451992064,quiero cambiar de posición el cuarto pero soy tan indecisa que si después no me gusta me voy a sentir mal por una semana,N
779695637948272640,horrible muy buena pero devastadora,NEU
779693903645593600,no son ni las sam y aquí estoy a moco tendido llorando con una pelicula con cameron díaz que se le muere la hija,N
780014158708215808,todos queríamos ver las tocas juntas en la final pero así es esto ahora le toca a lei q avanza a la final visslaisaworldjuniors,N
777721329344655360,mañana si me duermo en la oficina le cuento para que se sienta culpable busca el coral y las pantuflas bonita noche,NEU
777704983705690112,misión cumplida del fin de semana fastidiar a mario en broma verdad hola feo,NONE
777676192807649280,esa tabla es muy reveladora,NONE
783043022220951552,que cargados de odio están tengan se escuchen música abracen salgan de vez en cuando con los suyos y vera como se le quita,N
782363108945920000,gracias pd sigan adelante con sus maravillosos trabajos quizá algún día un tributo a soda stereo jeje,P
782096477183148032,en x gimnasio me iban a cobrar como 330mil colores en un año no me matricula y estoy haciendo las matemáticas para el siguiente viaje,NONE
781528328712880128,por curiosidad intenté en bancos distintos y en todos declinado pero mi reporte está en verde y mi score también,NONE
782939496413212672,mi consejo de hoy es si quieres que esa persona tan especial para ti nunca te olvide pídele dinero prestado y nunca se lo pagues,NEU
782803573864148992,soy la peor basura del mundo porque justo hoy andrea tenía que verme con otra mujer que mal me sentí,N
782579699125932032,me acosté súper tarde ayer para mis horarios normales y ahora no puedo seguir durmiendo porque no aguanto el calor de estas horas,N
777267152197918720,si llegamos únicamente pedimos un poquito más de tiempo de lo normal y los tel,NONE
781367360418553856,lo mejor que puedo hacer hoy es dormir porque estoy a punto de llorar no fue mi día en serio,N
775421246758539266,siempre se aprende algo nuevo,P
775418253942267904,será normal este odiamos con mi hermana ni siquiera me respeta me mandó a lavarme el culo al río lagarto,N
775331950290542594,por la mañana hazme saber de tu gran amor porque en ti he puesto mi confianza salmos buen día a todos,P
775389008545325059,bonito cuando pasan a fumigar,N
776434082154582016,ya está listo el puente peatonal por mi casaya no tendré que dejar de jugarme la vida cuando voy al auto o al cajero,P
776158675476090880,asi tiene que ser yo m alegro solo si el barca pierde en algo qe influya a madrid cmo la liga ayer tuan,P
776807812076703744,que rico que es dormir,P
776197117253607424,ey ya ahí si no sabría decirte generalmente siempre hace sol temprano se llega a poner nublado es como luego de las pm,NEU
775584603893411840,yo le escribo a la gente a la hora que sea porque mi ansiedad no me permite esperar a una hora prudente,N
775223394996486144,gab lunes muerta estudiando fisiología animal como ahorita puedo sábado o domingo pa qué le soy buena,N
776589176934281216,mis tenis fueron las primeras en ser compradas y no han llegado todo el mundo con tenis nuevas y yo aquí zar,N
776614618269573120,que delicia si estuviera más cerca fijo le llego con el tupper pero km me separan de su pozo,P
778376416530432000,qsflp mi corazón despertó mis pasos siguen lo que dicta tu voz mi sueño siempre va ligado a tu amor,P
778291153074401280,esta ceniza me tiene mala ya ando con alegría y me arden los ojos no puedo usar lentes de contacto,N
786728406633156608,mañana tengo examen de química e inglés y aquí estoy acostada con el celular conciente de que no se ni que temas me entran,N
788748085761417216,mata la historia de tantas en todos los países latinoamericanos una mierda nuestra seguridad y ese maldito concepto de macho,N
788735032336592896,buenos días hace una hora y media salí de cartago y apenas estoy en capote la gasolina está cara y con presas no rinde,N
788164692376256512,o ya lo está hola,NONE
787738825552334849,entre lo positivo está el hecho de que no tendré esas responsabilidades extra que adquirí sí yo quedaba electo pero mae yo quería,NEU
787499227681140736,aunque el día no empezó de la mejor manera queda en uno decidir que tipo de día se quiere vivir,NEU
788950273771253760,independientemente del resultado me queda claro que tigres va a en la próxima fase de la clic,NONE
788962460552179712,pues que estoy hablando y en eso me sale el lado ñoño que esta dentro de mi todo mal yo hablando de trastornos de personalidad,N
787489428256141312,soy la peor del mundo se me olvidó la fecha de tu cumpleaños sorry felicidades bae,NEU
787659841426722816,me despierto a las de lo más tranquilo y relajado me despierto a las y amanezca cansado y enojado,NONE
788596794888491008,mi mamá me maquilla super chiva para halloween y todo lo grave en snap snap naymavp,P
788552972544258048,mañana se madruga para ir a trabajar a la casi frontera norte si puedo me paso y voy por todas y botones,NONE
788458345686568960,los mismo problemas que tenía del otro lado solo que solo iba un día a la oficina y mi vida era una ilusión,N
788258714708942852,excelente por mis expectativas y por supuesto voy a a estar pendiente para verla lo mas pronto posible gracias,P
789317895352299521,soy de esos que aún cuando la comida esté lista y tenga hambre si no me sirven me da pereza y no como,NONE
793925945090449408,championsxfox me pueden mandar un saludo desde costa rica viendo al sporting y a bryan ruiz porfa,NONE
794310305367158789,castro vaya a cafetera sola o por un traguito o así a veces es lindo darse ese tiempo para uno,P
793902627809411072,vi que tengo un vecino tan guapo lo peor es que no sé ni cómo se llama,NEU
794701150356434945,el fin pasado le rogué demasiado a mis papás por unas nike y no me las compraron,N
793835901860229122,mañana hay entrega de trabajo final y yo aquí muy zen desayunando en paz sin tener ni media página escrita ni las fuentes,NEU
793498295951826944,fijo tenia un amante bandido esperándola alison,N
793575747201798144,imagínate si cuando uno saluda a alguien que está saludando al de atrás se siente feo me da miedo ajeno,N
793476497721823232,monsejimenezp jaja que dichosa pero entonces cual es la excusa para ser tan repugnante,N
793494544780328960,días como hoy agradezco no tener carro andar con el hígado hinchado por saber esos marchamos mejor ando en uber jaja,P
795301082805260288,siempre que veo pasar deprisa a una ambulancia de soporte avanzado se me hace un nudo en la garganta y me vienen malos recuerdos,N
795401908328550400,sí a mí también me gustó mucho pero como todos esfuerzos sociales de google el problema es creerles volumen de usuarios,N
795395906682163205,lo empezando x en mi twitter solo jodo a darius pasatiempos tengo muchos una cuenta de twitter no me define uselalogica,N
794931782923730945,hoy es el concierto de metallica uhh lástima que no voy la sea triste,NONE
795738550364999680,chema en esas y todos en la oficina deseando que vuelva a la oficina y a dirigir la empresa mejor,P
795747254338547712,cuando no sepas que hacer nada mas agarra tu celular unos audífonos y despeja tu mente,P
795761629648617472,de hoy en ocho nos dan las camisas de undécimo y yo ni sé si voy a lograr sobrevivir a la semana de trimestrales,N
795661212101017601,llevo más de una semana lesionada,N
795667710050963456,sos mi james gordon favorito,P
795646557655826432,en una propuestasolicitud de servicio lo que debe quedar muy claro son los entregarles si esto no está claro habrá problemas,NONE
795625717404958720,arroyo y cómo mezclan realidad con mundos paralelos y que es diferente a las demás películas de marvel,P
795490783453446145,la quiero aniquilar desgraciada,N
795488824042385408,yo hasta ahora veo el vídeo del pingüino no lo puedo creer es normal que esté tan triste díganme que ustedes también lloraron,N
790381773544837120,no se pueden ver series a la vez es lo peor prisonbreak blackmirror,N
790315522558754816,ese momento en que tienes que decidir algo ya y no tener una idea que es mejor,N
790324639197196288,ya volvió a esas mierdas porque no tiene a show de huevos es un día triste para el hombre araña,N
789633490648129537,con lo que voy a gastar comprándome algo para halloween me compro una mudado y de paso la entrada en mil,N
791738636135964672,acabo de recordar que existen los quedes navideños y ya casi es diciembre para verlos por todo lado,P
791640101751230464,tengo que aceptar que me esta hundiendo el consumismo con la nueva facebook pro la gorro hero el gorro karma y el nintendo switch,NEU
791005572690681857,guerrero vas a ser un gran comunicador,P
789620351042932736,princesa hermosa estas creciendo muy rápido te amo pequeña de tía,P
789960420610093056,voy a ver armagedon qué cinta rajado muchas gracias a la persona que me la recomendó,P
789934663540154368,tengo una leve duda de que las fotos del meet acá en cr las van a publicar hasta el año que viene,N
789682700491759617,es una teja ese cabrón si en el programa se ve agradable en la vida real es el doble de buena gente,P
791469610759516160,soy una anticuada pero cómo me duele ver o escuchar a gente querida hasta el rabo,N
790675497512558592,sospechosa tarde navideña de octubre grinch,N
790449761988046848,ya me quedé sin wifi y qué flojera levantarme a encenderlo de nuevo mi mamá que no me quiere,N
791118835038425088,los de cueropapel y tijera que tenía uno visto desde hace dos semanas y le subieron el precio,N
791139931485773826,no me diga eso german que triste jaja nunca había querido los gatos hasta este jaja,N
791127304739094529,no me dijo nada nuevo tranqui jaja si ve más bolsos lindos me los recomienda también porfa,NEU
791067778752983041,la típica que nunca ha dicho la palabra picha siempre se la ha comido,N
790008095069970432,últimamente no twitter porque no tengo ideas sobre qué twittear de ya me tiene feo el tec,N
785571705754226688,hay un grupo de estudio religioso en el sótano y están haciendo un billón increíble yo sólo quiero ver mi película de putas,N
785566254060797952,es bonito tener orden en la vida solamente hay que aprender y acostumbrarse a poner las cosas y a las personas en su lugar,P
785649591911714816,para regalar así que si alguien está interesado pueden buscarlo tipo md cerca de la plaza de la cultura donde suele estar,NONE
785931249915301888,ya pude ver la info el horario es de a no tenía idea de que se podía solicitar digital gracias,NONE
785993181456248833,fijo se me pierde la vez pasada la encontré en la lavadora fumando rindo semana,NONE
785819071300251648,era a la que me quería levantar no a las con el ruido de una hijueputa licuadora gracias al descerebrado de mi primo,N
786047229492539393,listo muchas gracias nella,NONE
786047159212781568,si coral o zero necesitan influenciados en digital hoy después del pinchazo que me pegué yo podría ser uno,N
786031752594587649,no me han llegado mis películas de cine clásico que pedí así que veré algo básico como the surge el año de la elección,NONE
786066321008099328,hoy a santi se le ruego el michel lleno de fresco y yo parecia cenicienta por todo el piso jaja,NONE
786065045713219584,gracias a ti hoy soy muy feliz descansa que sueñes bonito te quiero un montón,P
786129263002918912,que feo estar sin celular,N
786055233340313600,tengo criterios a favor y otros en contra no lo tengo tan claro en cuanto al resultado final,NEU
786076428177661952,los recuerdos más importantes y los mejores vividos se quedan en el alma más en cualquier otra cosa son horribles,NEU
785690847715008513,buenas noches chicos y chitas de mi tl que sueñen bonito así como con a yo,P
786818931910545408,jaja gracias igual mido,NONE
786788822377910272,grito es una mala persona,N
786782707330134016,cuando salga de exámenes me voy a meter al gimnasio y voy a tener un cuerpo lindo y ahí es cuando voy a ser feliz,P
785658215841181696,new balance podría dejar de ser el patrocinador de la sale o sea camisetas feas otra vez,N
785811619204964353,buenos días último día laboral me voy a vacaciones una semana éxitos en sus vidas y que sean muy felices,P
785744398705364993,si va comer gallina mejor quedese calladito tomese sus pastillitas y siga echándole el cuento a youtube,N
785391027561439233,centro bueno no es tan mala tiene muchos elementos de las primeras dos películas eso es lo mejor y le agregan otros nuevos,P
786954063615176704,mi profe de comunicación se parece a la profesora bridge yo sé que en el fondo es malvada y nos quiere ver quedarnos,N
787046850264076289,que me han dicho tantas veces odiosa que a veces creo que si lo soy pero aah soy un amor,NEU
787049955206627328,ahora que trabajo tiempo completo me siento tan merecedora de los viernes como que tengo derecho a cantar the cure,P
786963065527033856,las maniática son lo mas divertidas,P
786964419079122944,ya casi me quitan los frenillos y no quiero aún los siento feos los necesito al menos un año más,N
786412156711428097,en otros temas y aparte la vida da muchas vueltas que curioso como cambian algunas cosas,NEU
786405475055046656,ey qué injusticia yo no sabía guardadas porque no las quería arruinar y se me dañan en la siguiente puesta,N
786417329731014657,chiko en todos los eventos me dice mae échame a una amiga tuya y nunca le he cumplido soy una mala mejor amiga,N
786416898204393473,mañana debut en percusión para leones chinos ya puedo dejar de ser una samulnorian frustrada aunque el traje de samulnori es más lindo,NEU
786464649239752704,por lo menos lo tenes ahí no me acuerdo la última vez que yo vi al mío amo esa canción bmw,NEU
786438206778585088,a mi me operan el lunes las y leer esto es muy poco alentador que sigas mejor,N
786509571934130176,campos júralo que lo reconsidere siempre tengo insomnio y la ansiedad no me deja dormir tengo e mañana,N
786027261325668353,pero yo hablo caca de todos lados soy una comemierda democrática,N
786237591569825792,es el mejor espero con emoción ese disco nuevo y deseo tener tiempo para digerir toda la discografía antes de morir,P
787153460957421568,el amor no dura para siempre,N
787153315377184768,de nuevo quiero dedicarme solo a ser boomer y pasear perros no saben la felicidad que me trae,P
787122996225777664,ah entonces a ver primero stranger things además que son menos episodios voy a ver si la empiezo ya,NONE
784583239742713860,i told you mi batería es un ridículo un dura minutos ahora necesito que arreglen esto ya,N
784605890418794501,esa es la respuesta correcta jaja,P
792219664013074432,estoy en mi casa encerrada en el carro con musica full cuando debería de estar en algún lado,N
792581420908617728,cr con azúcar jaja yo solo con sal y limón a veces le echo un poquito de chile,NONE
792559306881142784,perfecto gracias a ver cuánto me toca pagar este año que ya años he pagado lo mismo,N
792520091204222980,primer vez en años que no tengo plan de halloween disfraz nada solo quiero terminar de estudiar rápido y ver el partido,NEU
792530696136904704,windows qué mal me caes para abrir cualquier navegador o aplicación es tan lento torpe e ineficiente que da pavor,N
792817450555437057,suspira puse picadillo de coyote con molida y maiz dulce arroz con frijoles y un bistec así a lo sencillo,NONE
792786886578216960,perdón jaja desde la semana pasada estaba por contarte pero esta no podía,NONE
792774890835161092,apoyen a la network esta network tiene futuro p hare videos y directos ahi cuando habran,P
792824638409629696,lo que extraño de no vivir con mi tia es que ya no puedo ir a la playa o de pueda con mis primos fans,NONE
792625137396744192,si me hubieran pagado el viernes estaría fuertemente de fiesta pero no aquí estoy acostado en mi cama como colores en la tarjeta,N
793251112283353088,su mamá va yo también voy pero fijo ya ella no se acuerda de mi y yo soy distraida,NONE
793155324085547008,juro que todo lo veo borroso,N
793164052847484928,la vez pasada hice una amiga de baño en el club se llamaba naomi saludos naomi te tengo presente,P
792449072976175104,me siento tan inútil pero bueno yo siempre he trabajo en las tareas pasadas,N
792469210567888896,minuto de silencio por los que trabajamos en horario de mall y no podemos ver el clásico,N
792389968677117952,hice el huevo frito mas perfecto de la historia y no le tome foto,NEU
792122619348684800,aroma es simple mejor no arriesgarse el q la consuma q la disfrute yo mejor paso y ya,NEU
792933372892819456,yo no sé ustedes pero mi mejor amigo al chile es el mejor amigo y lo extraño zar,NEU
792950601533394944,jajaja es que te pones a buscar defectos en una buena iniciativa de redes yo también te quiero y me haces falta,P
792973675364388864,botas cuidado y se enamora de la suegra porque vieras que señora y que mano tiene para la cocina y dicen qe panza llena corazón,P
792997729307725824,entre todas las miles de personas a las que le podía haber pasado eso me pasa a mi,N
792895126431420417,millennium memorial cambiar contraseña wifi con el nombre del gatito amigo de boabdil que se acaba de morir,NEU
791840258040041472,regalo hermano menor tiene está en plena adolescencia y es insoportable el que lo acepte lo invito a comer,N
790913130545057792,no me niegues señor tu misericordia que siempre me protejan tu amor y tu verdad salmos buen día a todos,P
790727328888262660,yo a él lo amaba desde hace años y ya es demasiado común jaja,N
790797092050472963,mi estomago dice mozzarella sticks y mis huecos post operación dicen puré y gerber,NEU
790060482035974144,me siento más ignorada que de costumbre lo bueno es que soy estudiante universitaria y en vez de lamentarme puedo aprovechar el tiempo,P
789741457443663872,am está semana he dormido horas hago examen de química a las am y salgo del breve a las pm,NONE
787975897664004096,si si prendieron fuego la única que me sabía la cantaron cuando estaba haciendo fila en el baño gusto conocerte,P
787984763713826816,entró a trabajar a la pm y yo en san carlos mi tío cree que voy a llegar puntual,NONE
787886655919288320,yo que podría decir de mi ex fui demasiado feliz y me hizo crecer como persona,P
787858728607322112,digamos muy bonito todo un día super chulo todo divino pero mi crush no me dijo feliz cumple,N
787887162389766144,cr ahí estaba bueno en el descanso no me fui a mojar hasta los palcos del frente para hablar con los privados de libertad,NONE
793311961186381824,en serio que una se va a graduar en el tiempo de dios,N
793311843045380096,stargazer si no hay que perder la esperanza jaja digamos tuve muchas expectativas con alguien pero no se dio y tome por gordo,P
796477634930679808,clinton ganó voto popular y trump el colegio electorado adivinen quién es presidente electo,NONE
796509950822547456,sorry x el delay pero el app arranca cuando quiereabrimos de lunes a sábado a las pm,NONE
796393637479325696,escucho a porque no me aguanté y no puedo creer aún que hayan elegido sobre ella a es realmente triste,N
796436593355661312,porque al final siempre llegan a lo mismo es que ella debió asumir más su lado femenino,N
796208842640097280,no es posible que trump vaya ganando las elecciones y que yo aún no me gane una pizza de qué es esto,N
796200964684468225,por cada acción cometió como delitos a la vez eso se llama concurso ideal o material ya no me acuerdo,NONE
796138069451767809,tenemos pendiente un vacío whisky y habanos como que este fin complicado,N
796007317653385216,bill clinton ya está muy viejito,NEU
796040775364710400,es una escena de uno de los documentales más respetados sobre naturaleza planet earth de la bbc dudo que sea montado,P
797201498379812864,hoy es un buen diga,P
797442154998198272,ya no es tan divertido,N
797979127089246208,necesito plata mi regalo de cumpleaños no alcanzó para la ropa de navidad y año nuevo,N
797920810560155649,yo quiero enseñar mis bolas en facebook pero su política de desnudos es muy estricta mejor no,NEU
797946447580626946,hermosa verdad a me toca quitarlas porque no puedo mostrar caras,NEU
797825741144686592,vean los nuevos enojes ios102 el aguacate a,NONE
799279043124297728,tan triste mi vida que me hablan en snapchat solo para decirme que mis animales son lindos,N
799265326902951936,no hay que sentirse mal por ya no querer creo que es bueno saber lo que uno quiere y lo que no,P
799202890032168960,estornudé y me mordí la lengua porque mi suerte es así,N
800022236312829952,ya veces me ha dejado mamando pero la verdad lo veo tan guapo,NEU
800074815520509956,suerte nivel llame a la pizzeria para pasar por una pizza y llueve cuando deje mis sombrilla perdidas,N
800073694286675972,estoy así de hacer una estupidez,N
800197219785867264,les parece que soy una persona odiosa a cada rato me dicen eso y que tengo cara de amargado,N
800191474503745536,el jueguito del septimo no se me ha cerrado por completo pero ya no me cabe la pieza,NONE
800166145672310785,jajaja aquí la confianza virtual,NEU
800169135808409600,la ex novia de vas sabina para finalmente aceptar que estas viejo,N
798874400019849216,y todo lo que hagan háganlo con amor corintios buen dia a todos,P
799603531380588544,buenos días que pases un buen día,P
799600564283801600,me estaba sacando las cejas y como se me ocurren cosas geniales decidí arrancarme una pestaña y ahora me duele el párpado y se hinchó,N
799673383017443328,las canciones de yuanes y julieta vengas siempre me hacen muy feliz,P
798562479022440448,viendo fox pasan portadas de periódicos deportivos solo en cc no porque no tenemos periódicos deportivos,N
798593094409211904,yo hago eso sino nadie contesta así ven que no es mi culpa que no se muevan las cosas perdón por vivir,NONE
798520354264137728,yo siempre deseo eso y cuando estoy librecomo hoy ando desde temprano dando vueltas y sin sueño,N
799106736204500992,ya no tengo libro para leer ni serie para ver mis noches se están volviendo aburridas,N
799128741393920000,mi imposible quiere irse a europa yo tenía pequeñas esperanzas sabiendo que era imposible pero ahora se las lleva para europa,N
798395934359089153,gato mae esque mi top son dez bryant a brown y bj la de zek viene de cuarta,NONE
798228439182426112,obvio ya quiero llegar y verte así que de una vez organiza irma,P
798226790539923457,y fui a buscarte x habías agarrado x otra calle venias hacer un concierto y bueno pues te encontré al final jeje saludos,P
798018670471614464,así es aquí estamos pasando algo similar en estos días,NEU
798087645645651968,ahh ya ya jajaja bueno buenas noches que descanse,P
798682768158982144,ay tan lindo amigo gracias espero que jueguen con rencor porque se hacen imparables cuando están resentidos,P
798706777751687168,ingrato solo porque usted sí,N
798732040376029185,a mi solo me quedan ya casi veo la luz,P
798731333858197508,ay qué bonito todo demasiado extraño no estar sufriendo a estas alturas vamos pelee,P
798747276466384896,jajaja exacto esta todo igual solo que mas serio pero nada de declaraciones aun solo que siempre nos decimos asi,NEU
797865894001180672,mi familia ya empezó con villancicos a todo volumen y yo que tenia mi musica puesta y me la quitaron,NONE
797862382089420805,callese mae jajaja el carro estaba bastante duro mae jaja,NEU
799445926087716864,lo malo de las indirectas esque son como un chisme pero a medias y así no se puede,N
799448567626743808,el otro año va a ser diferente y tiene que ser diferente,P
799436785487122433,verdad que triste que se haya llegado a ese punto,N
799408617543733249,la vara es que odio las materias teóricas y amo cocinar,NEU
799430917026627584,mami va a bajar la velocidad del internet pero mejor eso a que lo quite,P
799482352384741376,hoy me desvelo de nuevo,NONE
799481901874638848,mi papá emocionado hasta las lágrimas con los tenores hay conciertos que se quedan en el alma para siempre,P
799475852350259200,me gusto mucho ahsroanoke fue una temporada muy buena y mucho miedo pero corta ya estoy ansiosa por la temporada 7,P
803626014127439873,ge hay que pulsera bastante lo he intentado un par de veces y nada pero que buena foto mae,P
805623699453935616,yo talvez no vuelva a y por asuntos personales,NONE
805623476224671744,me encanta que resalte la moda sin ser superficial sino siendo un excelente crítico saludos desde costa rica,P
805614283509919744,lela me escribe yo le respondo lela me deja en gris,N
805598225075961856,ab tome un descanso y apenas esté de nuevo al vamos a dairy queen esta bien,NONE
805637515864576000,correcto es pura arte mejor no lo pudiste describir felicidades bendiciones,P
806270461080375296,nadie quiere ir a tomar café conmigo,N
806152341749698561,pero interrumpiste en mi sueño perdí el sueño en ese momento y gracias a ti no fui a trabajar porque me quede dormida,N
804536745907908608,que bonito es anunciar que los excedentes de la asociación solidaria ya estan depositados,P
804505028673282048,aún no puedo salir de la u porque la tarifa de uber está alta me escupo,N
804158689821229056,lo mejor es que no sé ni que voy a estudiar,N
805793848488292352,oh yo es que estaba curioso de google play music apple music no me sirve,N
805899060154613761,estos cinnamonrolls traen muchas pasas puro sabor a navidad prosanafoods estacióngourmet,P
805879457806487552,gc un chivo que hace videos y es más tocándose el cabello que video haciendo algo divertido o entretenido,NEU
805585062867693568,hizo un tiempo en una ruta desafiante felicidades es muy muy campeona a,P
805030196265054209,me hice un sándwich en vez de queso le puse leche condensada y aún así lo puse a tostar,NONE
804358931342589952,en face oscar me deja claro que no soy su amiga,N
804719772114022401,void07 calma pueblo todo va estar bien solo vaya presente todo y haga su butterflying examen tranquilo,P
804718720715255809,este año más que otros ocupo trabajar esta temporada navideña ocupo plata si alguien sabe de algo me avisa,NONE
804773102655852544,y super diferente a sus trabajos anteriores tengo que comprarlo tho porque no esta disponible en apple music,NEU
805498107047870466,me gusta el rumbo que mi vida esta llevando me siento tranquila y contenta conmigo misma,P
805546029877698560,lo peor de recibir clases en un restaurante es el fuerte olor a comida y el hambre que me tengo,N
805516843876319232,que ladilla yo soy chevere,P
805362967055372288,solo actividades de mi interés me hacen levantarme a las sam de menos jamás en la vida,NONE
805506932538806272,después de una semana comiendo en méxico a un precio ridículo lo último q haría es ir a la feria gastronómica lluviaencasa,N
805270554169274368,hoy nos tocó de últimos en el festival navideño de paz y lloviendo adivinen cómo quedé,N
805269972540882948,ya cambiaron al modelo d paco trabaje el que estaba antes era un muñequito rico,NEU
805274366195990528,extraño mis siestas de todas la tarde,N
805302138075303936,ahh pero ahí estaban las rubias jajaja que mal que no se te quite,N
805109479922683904,de las impotencia más grandes entiende uno qué significa la resignación,N
805986009720782848,no sabía que el amor de mi vida iba a cantar hubiese visto el programa,NEU
805967820496506881,todo está súper barato porque casi nadie fue el festival,N
805932294397722624,ahora sí es oficial tengo el trabajo más chiva que podía pedir,P
805929121100468224,sii claro en play podés comprarlo por dolares pero ya en psi no,NONE
802912779854352384,qué feo es tener que terminar con alguien y más cuando las dos personas aún se aman pero el entorno no es favorable,N
802953483838246913,ayer fui a y aún no estaban listos para recibir donaciones de puntos,N
802994601271259136,casi me aplasta un árbol pero lo bueno es que en la casa ya llegó la navid,NEU
803324783907794945,te creo solo ganas de roller,NONE
803305331585650688,se llevo los doritos y los frescos pero no se llevo el pan,NONE
803725500216545281,la lluvia definitivo que no me tiene piedad cuando ando en bus,N
803753329000071168,odio a mi profesor de estudios sociales,N
802897477456265216,que asco spotify desde la compu,N
802536550311440384,ojalá lo consiga pero también ojalá la empresa del concierto le dé otra como sorpresa o algo así,P
802528311226208256,me gusta dar los buenos días buenos días,P
802742656841314305,yo la dejé como años y ahora volví el día que termine del todo empezaré un largo duelo,NONE
802739333828636672,me alegro milord feliz regreso a su casa en el averno,P
803224335775367168,lunes con l de lindo gracias dios por el trabajo,P
803244397705969665,igual estaba en exámenes finales y estuve muy inactivo espero volver a la normalidad de ahora en adelante,NEU
803061996828692480,perdón por ser la peor prometo darle mucho amor comprensión y ternura apenas termine el semestre,P
803214630113988608,hoy hice todo de una manera olímpica pero algo se me tenía que olvidar ah sí la sombrilla,NONE
803219303818559488,arca sí era justo y necesario lo hice y me siento mejor,P
803219187850088449,pues de hecho sí me funcionó me siento más tranquila después de eso,P
803207109051564033,buenos días un éxito su martinica yo me suma y sé que van a llevar mucha alegría a personas que están sufriendo,P
803101972517638144,me ha pasado lo peor es cuando sin decirle nada a uno lo agregan de nuevo jajaja,N
803109708378738688,preferiría discutir con un umpalumpa que con un a cristiano a conservador a de derecha,N
802591645979930624,chao con ud en serio no te puedo,N
802654547151884289,muchas gracias por tus palabras un fuerte abrazo para vos,NONE
802656976664727552,cansado es poco pero saber que hoy se ayudó en algo me hace feliz,P
802298017617326080,me siento muy identificada con tus tweet y vi tu cuenta porque mi mejor amiga aveces da t a tus cosas,P
802610197306802176,en eso estamos claros pero yo tengo fe en que los tipos somos solidarios cuando mas se necesita,P
802617732747366401,mi mejor amigo me llamo que ya venía llegando a mi casa tengo minutos esperándolo,N
802362941953736708,aquel señor amigo suyo hizo un numerito hoy de esos que le encanta hacer otro día en que la ginebra empezó a fluir temprano,NONE
802369892620111872,vieras dolor jure nunca más volver a ese lugar queda en paz para los interesados,N
802374903299239936,si o sea el el no me interesa tanto pero las cosas que tenía ahí eran irremplazable gracias por escribir,NEU
802339920023027712,semana necesita casas cuna apúrense no hay suficiente presupuesto para todos los animalito afectados,NONE
802352213330784256,horas de que se fue del pais y ya la extraño,N
803070151935619073,que buena fiesta se pegaba uno,P
802971994950160389,hasta ahora me entero de que existe la carrera de investigador de animación japonesa he desperdiciado mi vida,N
802721540076761090,hoy hice el gol de mi vida perdimos pero hice el gol de mi vida,P
802423538367930368,le envié una foto a ignacio y me dijo que picha más fea,N
803970852199034885,eye pinto no sabia que eran pareja,NONE
803787178321084416,la lluvia definitivo no me tiene piedad cuando ando en bus,N
803786450852605952,un masculino adulto que es fanático obsesivo de my little pony,NONE
804122640411742208,a mí me gustan de hecho,P
804010711810801664,ojalá pudiera darte el abrazo en vivo o al menos acompañarte hoy siento mucho lo de tu primo,NONE
804048178492407808,hoy habrá nuevo campeón que pase lo que sea que sea campeón o que pierda carlsenkarjakin,P
804050118412562432,pero en realidad soy mucho menos amargada maldita y juega de viva de lo que parece lo prometo,P
803994481938853889,leí el post equivocado aparentemente me salieron los diseñadores snobs en mi feed,N
804064900469366789,me voy a morir quiero verlo en vivo y tigo no tiene cbs,N
804139696595107840,pues que dicen que hubo temblor y yo ni me di cuenta porque pasamos ensayando típico,NONE
799987480518922243,excelente que grande que está,P
801271513542496256,quiero demasiado el balde de pollo cebolla y papas fritas de la parecía alguien lléveme,NEU
801223329625542656,mispropositospara2017son buscar un mejor amigo necesito a alguien nadie,N
801279880247713792,que enfermería tenemos gareth bale se podría perder el clásico,N
801291354978582528,a mí jajaja y verme aquí con los ojos pelados,NEU
801304592902483969,abrazos para ti desde aquí vino ahí estaré y mismísima para grabar la entrevista,NONE
800926948025319424,genial iniciativa que nos puede ayudar,P
800209365831532544,estoy harta del semestre yo sábado por la noche resolviendo integrales para encontrar áreas,N
806502753707159560,el amigo secreto de hoy trajo un delicioso arroz con leche,P
806353036708900865,el primer capítulo de la primera temporada de black mirror es bien pinche triste wey,NEU
806657359716249601,no da igual yo soy funcionaria pública y no todos pensamos así,NEU
806341840551157761,me siento tan sola por las noches que duermo con paris en la cama de mi hermano,N
806343202315898882,ojalá sigan juntos mucho tiempo,P
806364751106342912,pero pensé que luego de jugar juntos todo iba a cambiar,N
807324978693763072,ojala tuviera netflix como en los viejos tiempos,N
807381460827205633,y para que me tienes a mi son momentos y nos montamos un canal repichudo,P
807425510435356672,puedo soñar ridícula pero si lloré porque se fue,N
806330716367765504,carepichas esas solo piensan en ellas,N
808043758235303936,es una verdadera ver que los videos mas caca tienen mas apoyo que los que costaron,N
808067430014656512,mandarle un maldito a jonathan duarte que esta en el hospital pasandola mal con una operacion y solo ver tu videos,NONE
808012377312600064,cr uff hay una discusión enorme sobre esto la clínica mayo dejó de hacerlas por años por los resultados,NONE
807254954226384896,porque si estaba bien me tiene que dar calentura de nuevo,N
807537268235833344,lo peor fue que nos encontramos en un bar y no le pude hablar x mi timidez,N
806696427883790336,a mediodía la próxima no lo dude aunque me vea serio yo soy un carajo buena nota,P
806755531591294977,ya mi relación no es lo igual con davi ella me pierde,N
806723955973189637,primera vez que david cena en mi casa y quiebra un vaso,N
806712993098727428,rivera la del mio peor tengo que andar con dos telefono para poder revisar te fbi e ig,N
806903754083672064,descubrir qué somos está picado diría el patán,N
806726824608702464,les juro que lo stalker y mi instinto asesino se activa,N
806687497619206144,también tenemos tradición costarricense por supuesto caseta de leche con almendras la más rica de todas,P
806694328718553088,lo bueno de verano es que en el grupo hay varios compites,P
806850707219484672,las tenis blancas no se usan todos los días,N
807261162358394882,a mí en serio esas cosas de ganar no se me dan,N
807242670267596800,soy la mejor amiga secreta de la vida quiero el regalo que voy a dar,P
807117733531963392,hoy será un día muy largo y mi último día siendo un pilluelo de años,N
807090883766157313,me iré a dormir sabiendo que la única app de manga con la que leo no tiene actualizado nos,N
807042574158598144,esperando que sea un buen jueves por la noche,P
807042479505764353,y si me corrigen es como tráigame tierra y llévame directo al infierno,N
808163207013695488,fijo si me gusta hago lo que hice con el episodio vii fui al cine veces,P
808139453021777920,me encanta la olla de carne pero no me gusta que por ser sopa no me mantenga llena bastante tiempo,NEU
808136758105899008,podría pasar un día entero viendo sólo detengas,P
808101774196428801,si se desespera nos lleva puta,N
808122577818439688,que triste cuando uno anda en una actividad y no tiene con quien bailar me veré muy rara chateando sola en media pista,N
808143467083862016,que dichoso ya casi terminas yo apenas voy por el jaja,NEU
808210014494228480,solis estamos en la misma lucha,NONE
808194490435571712,la delicia mi mamá casi no me deja meter a los gatos pero les encanta dormir aquí cuando pueden,NEU
808189213392982016,por dicha solo me volvió a ver y siguió durmiendo pero me dio lástima,N
808156606739443712,yo me quería graduar con la camisa rosada,NONE
808341965188333568,y si comemos crepas con una bebida de café o un smoothie hoy habrá feria navideña y nuestra esparza se pone de,P
808435688756678656,no he visto el nuevo episodio de ted,NONE
808342410543726594,buen día ya le seguimos,P
808357021909192705,lo normal es aburrido,NEU
808444195266510848,fav si crees que me gustan los penes como no soy famoso y nadie le va a dar fav pues tendre la consciencia limpia,NONE
807740854882406400,hoy me di cuenta que mi crush ya tiene novia y es mucho menor que yo,N
807697679052587008,odio que me cambien mis planes por comodidad de los demás,N
807779949998391296,regla de los segundos,NONE
807798427421704192,dia estuvo bonito comentarios,P
803418254819651584,men no nos eliges mas de porque pierdes porque a nosotros lo unico que nos importa es divertirnos viendote jugar,N
803289620268072960,ya estoy estresada de esperar resultados,N
803296800555798528,no hemos ido a la cabra loca,NONE
802300439341465601,me llena demasiado ver tanta gente con la intención de ayudar y moviéndose que lindo todo,P
802519704288067584,mi mamá sólo decirme que estoy gorda,N
796387096823033857,sobre asi que ahora tenemos una posible nueva carrera armamentista in the making,NEU
796433687927783434,sopa negra opción plato fuerte en la soda dios sabe como reconfortante después de las noticias agobiante,P
796328841052618752,demasiada decepción con la humanidad,N
796537219859226631,yo te salgo de eso yo es por lucha y que me flotan en el work lindaperopobra,N
796715835888988160,cuando yo vi al pipi aquí en la conferencia de prensa casi lloro como ese niño pero solo estaba ahí temblando,NONE
796518460763291648,jale traidor vendido a la corona española,N
796517504583614465,no podés tener lo mejor de los dos mundos,N
796846796245004292,a la gente buena le pasan cosas buenas al resto a veces también nos pasan cosas buenas,P
796855421424324613,nunca me he ganado nada con y que chulo sería probar la nueva pizza esta tarde siberiana está como para la crown pizza,P
796861636732747777,desde el jueves pasado estoy esperando el entreno,NONE
796852759572217860,jaja trump en los primeros meses se va a traer abajo el tlc nos vamos a ir todos a la mierda,N
796869639691190272,no estaba muerte andaba de parranda dejeme,P
796878053557370880,uff una cosa deliciosa jajaja que desorden metí las patas ser feliz exito,P
796781652454338560,como cuando soy muy chingada y me traen almuerzo al trabajo gracias,P
796788190279598080,el otro muchacho que es nieto del señor de las galletitas siempre tuvo una dulce navidad,NONE
796809889171603456,otra vez quieren desnaturalizar el tema bienestaranimal dejando en el texto de iniciativa popular sólo a perros y gatos,N
796827048899710977,y su canción se non te video publicado el nov del y aquí te lo compartimos,NONE
796749746815827968,me siento tan cansada y saber que salgo hasta las,N
796767254872489984,estoy toda estresada para el examen de mañana como que si lo fuese a perder jaja pero ya pasé el curso y todo,NEU
797094392725204993,me acaban de confundir con un estudiante universitario es el mejor buenos días de todos,P
797176679848407040,ocupo el viernes negro para ver si me compro un tele el mío se dañó,NEU
797115537910333441,mis primos se fueron para cancún hoy adivinen quien no fue por ser la unica,N
797149716794540036,he pasado toda la mañana metida en google maps viendo costa rica pero no hay street view,N
797224842567315456,me encontré una tarjeta pegada en el cajero y llamé al banco para reportarlo la dueña puede estar tranquila whatgoesaroundcomesaround,NONE
796938829919817728,llama tengo que probarlo estoy decepcionado ahora el fresco leche sabe a puro sirope,N
796938734851751936,el problema que ya no hay 2e1 en grandes ni tampoco los puntos hut son dos pésimas noticias,N
796556024299814912,lon tenga paz bonito que en esta vida todo cuesta,NEU
796612199930281984,necesito un gato en mi vida así como ya tengo que convencer a mis papás,P
796035204188139520,eso juan lleguen va a estar divertido mucho gusto cata,P
795843045493211137,para navidad voy a pedir que me suba el condenado,P
796197595018358784,yo debería estar dormida y no bajo este largo ataque de ansiedad de baja intensidad,N
796199821061328896,qué triste ver que el odio por una mujer esté por encima de la razón,N
795862004519104513,ya se no quería salirme de las aguas termales mañana voy a monteverde a ver que tal,P
795848586269523969,que viene nona y fijo es para mayores ya lloro,N
795852476205465600,tengo que aprender a no prestar mis cosas porque al parecer a todas se les hace muy divertido nunca devolverlas,N
796254025033322496,que dicha que me vale todo lo que todo el mundo diga,P
796240698702000128,ahora tengo que dormir llena de repelente,NONE
796303545674899456,no sé ni qué leer para tratar de entender lo que va a pasar todas mis fuentes usuales fallaron,N
796289138936844289,el turrialba me odia en definitiva es el milésima ataque de asma en el semestre,N
796192470895890435,ay no me diga eso todo es posible aún,P
796260285220843521,y que el mae no sea tan desastroso como aparente durante la campaña hope is all we have left,N
796246237272010753,jaja y ya ni eso porque fijo no nos dejan entrar jajaja,N
795163385184866304,elanna jajaja yo pensé que había captado la indirecta pero si está vacilo el avatar,NEU
794571617166704640,ya tenemos ganadora felicidades nos hablamos por mensaje gracias a todos por participar,P
794634461392596992,pc pose podemos izquierda unida distanciados jeje,NONE
794776643277586433,hoy tuve un día muy lindo me alinearon mucho amigos y el jueves uno que amo mucho,P
794724597220446210,pues sí sé lo que se siente pero piénselo como el último esfuerzo que ya ahorita llegan las vacaciones,P
794569372912103424,cr pura vida ya llamé pero fue como no haber llamado,N
794715441486766084,estos días me he soñado con el accidente varias veces increíble el trauma que generan estas cosas,N
794714666928930817,me siento tan feliz esta semana cerró bien,P
794812839999533060,cuando cuando estás taani cansado que no podes dormir,N
794750067928399872,díganle a hellen que la extraño odio estar sola,N
794754276660748288,tan sólo es un mal día no una mala vida,N
794768124646191108,no puedo entrar a mi servidor y site no responde,N
794462535084740608,garcia pues es un buen momento para hacerlo,P
797640962952622080,cr carita que ya no canto igual,N
797532460884037632,hoy tenemos la sección de su propia voz y es por parte del grupo qué nos contarán descubrí en,NONE
797619946146689024,alguna película tanis que este en netflix que me quieran recomendar gentequenocoge,NONE
797504019329585153,la vida es demasiado corta para seguir las reglas,NEU
797536079817703424,ayer descubrí que no soy amargada en realidad soy preocupada,NONE
797515887100182528,acabo de tener una idea formidable que involucra a y por eso le mandé un correo,P
797675073649905665,decirle a un mae perro es una ofensa para los pobres animalitos,N
797507093490266112,aw tae lo que daría por poder abrazarte,P
797271394862120962,lo siento mucho pero si facebook lo dice es cierto sentido pésame,N
806926936706519040,es lamentable un tema tan sensible jamás con ese enfoque,N
807016182679097344,esa lagartija tiene que haber estado muy enamorada de mi perrito canta llamándolo a la misma hora a diario y él hace mucho se fue,P
806516119058186240,que duro iniciar el día con noticias tristes,N
807004656069132289,o mejor que me digan vamos a comer un helado y ya ocupo salir,NEU
807009011824467968,es muy duro para un niño verse forzado a ser parte de esos procesos,N
806955308408934400,montero por qué tenés días actividades y muchas películas disponibles para asistir,P
806970411242160128,por supuesto que no le importo a nadie soy hombre eurodescendiente heterosexual y católico cc,N
806977846950428672,dice que llorar es una locura que opinas si decís sí entonces a cantar,P
806979207674916865,yo voy de fijo ahora llamo a reservar,NONE
806980868841607168,hola me complacería con paraolvidarte de por faa saludos desde liberia,NEU
806980451336409089,hola me complacería con paraolvidarte de por faa saludos desde liberia,NONE
806980303684300800,hola me complacería con paraolvidarte de por faa saludos desde liberia,NONE
806979961609392128,hola me complacería con paraolvidarte de por faa saludos desde liberia,NONE
806945783031406592,ni tamales pierna fresquito quique nada,N
806923376728150018,y en el café sonó son in y hasta los que estábamos sentados nos tenemos,P
806906404112134146,malparido malditos malnacidos ya hay carta de lillie en full art y todo y de serena nada,N
806991938553606147,yo quería que me dieran la bar así,NONE
809446607196454912,jajaja que bueno verla anoche que pases un excelente día,P
809487952506224640,él se ha ganado un lugar especial en mi corazón,P
809432817696378880,p perdida ya no tomo coca,NONE
809507631538860034,quiero que en serio me paguen para poder irme a rayar la otra semana,NEU
809374283306827777,xenia de mi vida tenía toda la intención pero se me hizo imposible al final del día,NONE
809390134403747840,amanece lleno de la comilona anoche en el bnopenhouse pero siempre hay campo para más a desayunar,P
809367478300250112,buenos días con o sin gripe hoy se disfruta el día,P
809561788824059906,nomás cuál tercera yo voy a muchas actividades de en el año ya van más de tres,NONE
809528195104067585,necesito unos tacones negros a las ya,NONE
808713660000600064,y uno se pone triste cuando no quedan papas en la bolsa,N
808498787182317569,como quisiera ayudar pero no puedo soy menor y no tengo tarjeta y mucho menos dinero si tuviera le daría todo,N
808530298799587329,hoy llegué minutos tarde a clases fui literalmente solo minutos duré 2hrs35min llegando a la u,N
808523752887767040,la segunda temporada de fuller house me duró días,NONE
808768326063321088,estos serán los dos últimos shows que bailo con mis minas boys,NONE
808738451067731968,cr ah no es en el auditorio nacional hasta el próximo año en marzo jaja,NONE
808708745194799104,sí también he leído quejas en twitter sobre la interacción social en los buses,NONE
808706648206352384,estaba durmiendo tan rico jaja que cólera que me dio cuando me despertaron,N
808669749022519300,avila hmm no sé aún las siento pegadas en el cielo de la boca,NEU
808697535938314240,yo igual no trabajo el,NONE
809127790981369860,no salí no puedo manejar migraña,N
809846303534514177,necesito ir a mi hogar y dormir con mis dos hijos peludos y sabes y su gripe,N
809828470075301893,porqué terminaba contrato ya ví seguro se fue solito,NONE
809950354611826688,me hace sentir tan bien al ver a mi ex y no sentir absolutamente nada por el,P
809927403615256576,en definitiva me quedé sin campo para ir a tacones ya que me había mentalizado y ya hasta quería ir percebe,N
809918358955184128,ysi la mejor serie en todo el mundo,P
809917034750509056,será que en serio alguien puede dormir tanto,N
810701756791484416,y qué no será la primera vez,NONE
810700953620021248,yo soy igual jajaja trató de evitarlo pero no lo logro,NEU
798320488619577344,que buena vibra me transmite,P
798206253541584896,adquirí es para un sitio que abarcar países y hasta el momento me ha parecido una excelente herramienta,P
798356108473696256,un país tan afectado como haití necesita del mundo entero,NONE
798329898746015745,y son adorables pero dia ya no hay nada que hacer,NEU
798261817260863488,será solo digital entonces perfecto de verdad muchísimas gracias un abrazo desde costa rica pura vida,P
798306527882919936,acabo de llamar y si tienen muchísimas gracias,NONE
798304922399895553,cuando hago desordenes con el horario de la comida me agarra un dolor de cabeza permanente,N
798366463639900160,nunca dejen el snapchat abierto en el celular de la mamá creo hoy duermo en la calle,N
798386889392799744,creo que tengo una contratara en los hombros así o más hecha picha,N
798384095730409472,superflua expectativa vs realidad gracias a a a a a a a cc puravida costarica…,NEU
798239489734807552,dj soy de cr estudiante de periodismo me encanta el ámbito deportivo los admiro y sueño con conocerlos porfa fdjpuravida,P
801509591121068037,si la u cerró todo entonces yo estoy libre hasta el lunes,NONE
801513687848779777,que bonito la lluvia regresa cuando me toca ir por mi hermanita al kinder,N
801531504325263362,alguien tiene algún contacto que haga quedes navideños,NONE
801250704786681856,ustedes saben que mi vida se basa en vistos,NEU
801189905112174592,se lesiona bale antes del clásico,N
801504187314016256,que todo les salga muy bonito,P
801501985417662464,sin morada kronos bale y puede que aún sin casero para el clásico,NONE
800547473341218816,rajado y mientras llega acá,N
800541436819148800,soy muy malo fui me da pena y todo,N
800548175346073604,mae eso si es cierto ahora nadie la mayoría busca tener algo serio,N
800576201244995584,1146 y tengo hambre mejor me acuesto ya por que la panadería está cerrada,N
800578955485081600,antes era más seguido saliamos por batidos de maracuyá,NONE
800373386610360321,lo es sin ningún respeto al dolor ajeno,N
800449161032241152,padilla era tan tan guapo que sentí feo cuando me di cuenta,N
800498900578738180,yo si que odio recibir noticias así,N
800475290464043009,ay la canción de tercer cielo,NONE
800380922491269120,jajaja ya en serio me haces falta,N
800388250942709760,dev abby muy duro la verdad,N
801084134525456384,otra decepción me estoy haciendo la víctima dramática obvio,N
801130179879899136,éxitos y buena vibra en el recital,P
801134263806623744,que pescadito la gente afectada por las inundaciones,N
801122512776073216,tengo como horas de estar mareado y con ganas de vomitar ya esta bueno verdad,N
801073708337156096,exacto qué colega me da eso,N
801070468677648384,mi mamá me dice que no vaya al colé en serio que la amo pero tengo que ir,P
800366436904562688,no mames lo triste gabriel padilla y por el corazon el miedo que me dan esas cosas,N
800476895167057924,lamentable lo de padilla un sentido pásame para sus hijas que se quedan sin papá,N
800835505717972992,oído en mcdonalds el mejor mannequin challenge que he visto hasta ahora es el que ha venido haciendo este gobierno desde hace dos años,N
800768688270020608,maldita lluvia me mata mi negocio así nadie quiere bañar ni sacar a los perros,N
800773852783644672,veo que sí la depresión tropical se convierte en huracán se llamará otto que comience el memefest,N
800765569880522752,hola en este momento no lo tenemos pero como siempre queda encargado para el próximo pedido,NONE
800719427125833728,el tren cada media hora es un mito urbano no ha pasado el de las,NONE
800336465284710400,lamentable informan que murió gabriel padilla ripgladiador,N
801859882982981632,yo sí lo sentí y me lleva puta,N
801860797131554820,hola soy sole el sismógrafo humano,NONE
801888490036174848,que bueno claro que si envíame tu dirección de correo por dm,NONE
801890405939867649,hola me dijo que estaba bien fuertes aguacero y mucho viento pero todo bajo control gracias por preguntar,P
801764168747597824,pasas igual y no nosdejaron irnos a la casa,N
801845807309848576,excelente estamos muy atentos a tus comentarios,P
801870717969174529,alejandro no estoy en la zona roja,NONE
801863340414955521,juro que el próximo cuatro busco aparta con alguien no puedo con esto de estar sola,N
801843115824975872,qué bien suena una nórdica hablando en argento,P
801862522840158210,en hereda ese temblor se sintió leve pero horrible,N
800832934756360193,quiero una baldosa y un granizado,NONE
800900381123420160,uri por cobarde se fue en la colada moisesylos10mandamientos,N
800897542041047040,shi pero como el año pasado no jajaja ah creo que no fuiste,NONE
800875352838926336,otro terremoto y otra alerta de tsunami para japón,N
800869473246793728,desde hoy en la pura mañana no veo a mi papá,N
800868885742268416,jaja es lo menos que hago por dicha pero si paso pegado a fbi,NONE
800908849813344256,exijo un beso como el de carl y enid que lindo atf ted,P
800885510575104001,los anuncios de tv de posgrado de mi alma mater son tan malos,N
800884833509658624,buena idea anos pero ellos saben que yo ni un pancake puedo hacer bien,NEU
800909913715310592,como dijo ud algo similar entonces,NONE
800513366355652608,bueno por dicha ya estoy en acero no estoy en la calle haha,P
800443454547521544,que se hace cuando mi mamá tiene facebook y no me da pelota por estar metida en el celular,N
800831223610441732,tómese de algo de una vez y listo,NONE
800830813650743296,yo ando en las mismas pero no tanto dolor sino inflamación y parezco embarazada qué horror,N
802264821165096960,en enero la ropa está más barata por si no sabían,NONE
802158982353788929,que triste todo este cierre de año para mi de linda,N
802232548504010752,si obvio eso es lo importante gracias por preguntar,P
802227237000978432,en mi pueblo anda una patrulla de recolectando alimentos no perecederos en mi casa ya donamos costaricaunida,P
801607174636077056,yo estoy super ansiosa el asunto me da la tranquilidad de estar con mis papás nada más,N
801628658427424768,no vi esto igual no podía hacer mucho,N
801577371476299776,invitadísimo a hacer las cosas diferente hay que involucrarse y dar espacios a la mejor gente,NONE
801576904981626883,ml amiga sii y la pobres extrema sigue,NONE
801654234248806400,yo ya estoy con gripe y ni me he mojado,NONE
801653978991886336,me dejo congelado por algo es el amo de los ratings,P
801638200334811137,amén en serio hay q hacerlo,NONE
801648039345745920,mis anteojos están demasiado flojos y eso que tienen meses de comprados,N
801647312036646912,yo solo estoy pensando en proteger a mis gatos y a la perrita,NONE
801646462547456001,segundo cuarto y golden ya lleva puntos,P
801651061928972288,la vida conspira en contra de uno que injusto jaja,N
801682432231702529,en curridabat muy calmado ni una gota de agua y hasta caliente está 20 nomegusta,N
801916320329715712,hidalgo lo hacen a diario hoy es más palpable por la emergencia a,NONE
801958572213108737,ok vea el lado positivo tiene un motivo para hacerle drama el resto de si vida,P
801978181167288320,matar la voz pepsi que debe tener que dicha gaby ya el lunes regresará con toda la pata,P
802021065950195712,esta va a ser la noche más larga para muchos,N
802002493328785409,repollo ud últimamente como que muy amargo,N
802071121084514304,no para esa hora es devastador el efecto de otto en mi país en realidad,N
802031513302867968,gloria en serio es muy probable qué triste,N
811697149637488641,hoy puede ser el penúltimo capítulo de ragnar lothbrok,NONE
811617569295699968,se me rompió el pantalón horizontalmente por el muslo hasta debajo de la nalga ya estoy a la moda,N
811628327609966593,me uno a la triste historia de no vacas,N
811614576861216768,que chiva pasar debajo del puente de la latina siempre he querido es en serio,P
811657609887543296,el pueblo más bonito de españa enhorabuena sólo rioja sólo bueno,P
811638449077948416,ahh no eso fijo pero en este caso en especifico hablo solamente de vestimenta,NEU
811644803838607360,estoy solita en la oficina pondré mis vídeos de cosas paranormales sin audífonos,NONE
811666031643074560,sólo viste feo lo demás todo ok,NEU
811193408878481408,ayer inicie con mi proyecto de hacerme mi propia huerta,NONE
810824587361525760,que dicha que hay trabajo y salud y vacaciones también,P
810694264946618368,ja ja pero está precioso el condenado,P
810670660867526656,juegos de pólvora y mi perrito asustado,N
810870164233261056,stargazer tanto libro chiva que hay y buen punto comida entonces,P
810351346788528128,a la hijueputa tela se me salió yo quería volver a quedar acostada,N
810322496079757312,estoy así de no salir hoy,N
810326683169521664,vamos a pasar año nuevo a la playa no bueno,NONE
810213900192989184,extraño todo de belén es tan chiva,NEU
811407432421404673,y nos vamos encontrando a un ex en el hotel,NONE
811453924830023681,mi hermano y yo convertimos el comedor principal en un café internet,NONE
811955602046013440,me acuerdo de la clínica nora el peri las casas en lotes llores dañadas,NONE
811819332581859328,todavía no me he comido un maldito tamal,N
811782203738910720,yo personalmente lo bloquearla inmediatamente pero al final yo no soy una belleza so,NEU
811803758560768001,hoy tuve mi primera premier y fue un éxito,P
811786773537968128,nombres yo llego hasta las sábado a las am mejor jajaja,NONE
811783431558295552,siempre es bueno la opinión de un playa,P
809178498103439362,soy el ser más distraído del mundo,N
809274124820512768,ojala que te de un bloqueo mas grande que el de mi el,N
809382645754957825,toda mi familia va a estar dormida en mi graduación,N
809223061157400576,espero que mi jefe me de mañana libre,P
809286148916920320,arroyo jajaja yo nunca spoiler eso lo odio pero le recomiendo no meterse a te mañana,P
809267386717274112,yo defendía un poquito el ya no,N
809259678505046018,esto es lo más triste pero espero que el sí,N
811041345288732672,con las rayas más gruesas me gusta pumas sabe lo que hace,P
811080053866057728,bueno igual la veré porque el protagonista es muy guapo,P
811086379199397889,para mi mamá toda la ropa que escojo es fea hasta que me la ve puesta,NEU
810948277957001216,llevaba tiempo de no estar tan quemada,N
811095261829271560,pero igual es feo horrible espantoso,N
809599585001816064,rajado que si lo voy a extrañar un poquito,N
809428087935004672,buen día ivrecagu muchas gracias por su comentario es un gusto servirle,P
808888543338778624,sería la mejor compañía para marce y quitar bueno y yo,P
808896048680861696,yo estoy igual hoy pequé feo,N
808473316520562688,feliz terminé cuatro fue un éxito ahora sueño con algo grande,P
808489751816929280,que raro el mío si es real,NEU
808491123559845889,mis lunes no volverán a ser iguales cadena,NONE
810599314213011456,perez ah bueno gracias por estar tan pendiente de nosotros,P
810540437819760642,ayer me dieron una botella y le pegue un trago pensando que era yin o fresca gracias mariner,N
812111423102926851,lo puse y ví la int de manning está empezando igual,NONE
812110006564831234,dígame que no es caro porque ya estoy bien pobre,NONE
812354803485540352,amo la nueva canción de sofía reyes,P
812059929213366273,ya no me quiero mover estúpidos aeropuertos,N
809123827263438853,la próxima vez que vaya a un bar hasta me sirvo yo solo,NONE
808876462212317188,me corte el pelo y me siento demasiado pelota,N
808870364856090625,mañana tengo el día libre y no tengo nada más que hacer que dormir,P
808862160994664448,cada vez que veo a esa muchacha está más guapa,P
809169530731823106,amador errar es d humanos no debe d pasar a más,P
808901597615034372,seguro las productoras estaban centradas en traer los de siempre,N
813077435386302468,tener grandes expectativas a futuro eso es vida,P
813467340713193472,ya yo voy de vuelta pero le dejé la pampa lindísima,P
813596007481167872,me voy mañana para la playa confiando que el sol me quite esta gripe tan horrible,P
813584750380204034,envidio de buena manera a los que tienen la oportunidad de ir mañana al estadio,P
813521592462540800,hay unos que son casi misión imposible pero está super lindo,P
813541810853310464,te mando un abrazo vienen días duros pero se superan eventualmente,P
813907408120672258,no me arrepiento de nada ah ojalá tuviera dinero infinito,NEU
813911552172625921,cuando queres comprar muchas cosas pero eres pobre,N
813972029267410944,lo extraño demasiado días es demasiado para mí,N
813854554001436677,esto me hizo feliz pero aun mas triste por no poder teletrabajar,N
812433686750756864,misionero ideal oh clare beats nuevos,P
812448341468545026,mañana que entonces yo buscando donde pasar navidad por que me dejaron solo,NONE
812166030462160897,me da tanta plagada tener que ponerle el cono de nuevo a whisky,N
812132464919506944,quiero amigos que le gusten mis gustos musicales ya tengo pero viven largo,NONE
812196050903728128,qué rico el silencio de mi cuarto,P
812688090015772672,desayuno guanacasteco hoy es nochebuena hoy damos vueltita por nicola,P
812906523936587776,pensé hacer algo con belén y machu pero de nuevo me dejaron sola,N
812910113963048960,feliz navidad feliz navidad feliz navidad y feliz navidad,P
812914757019779076,negro ah mae que duro eso en este día,N
814193006739918848,porque si digo que quiero mamón chino me dicen una vulgaridad,N
810126945807699968,matar fue la última vez que fuimos al cine,NONE
812762537938788352,hola no ya no hay más sur,NONE
812752893946236928,como te digo come mas y en mi casa sólo estamos mamá y yo,NEU
811231191332487169,gut aun no tenemos fechas definidas pero te avisamos apenas sepamos,NONE
811195457657569280,de fijo y luego juntos olvidamos que fuimos a palomares,NEU
811219074059476992,jajaja es muy triste esto pero ya hoy consigo otro,P
811212211410583552,mami se acaba de ir y ya la extraño,N
814995688723456001,seguirme es lo único que tienes que hacer,NONE
814907771829239808,ayer lloré viendo a en el snap que plagada,N
814456696194080768,reggaeton lento la canción del fin de año,NONE
814710034236080128,no tengo en la casa apenas entre te mando uno así jaja,NEU
814670953611460608,deben ser mejores las que no me hacen mencionó,P
816042138014253056,estoy viendo bridegroom en netflix y me tiene de un puro moco véanlo,P
816038188607242240,ser productora radiofónico es lo mejor de la vida,P
815954242070609922,pero no están en el cantón central de ojo,NONE
814536151952461824,si ocupan gente para una detenga yo estoy disponible,NONE
815326818479775744,abrazo enorme sos un éxito,P
815388797747666944,alvarez no sé si a todos les funcione pero nosotros sí que lo vemos cumplido,P
814853214050906112,quiero como tener carro para hacer todo rápido,NEU
815439552038977537,tristeza más hp me da siempre en año nuevo,N
817864316372348928,no encuentro ninguna buena serie en no,N
817069708927266816,alpha suerte y ten un feliz año,P
817032173689696257,sip te entendí por tu tuit anterior,NONE
