,tweetid,content,polarity
0,768225400254111744,totalmente puntual,NONE
1,770077064833671168,hola sandrita habia desear feliz dia madre tardar seguro saber tú si juno tomar mas foto,P
2,771207534342320128,si andar hacer mejor quedar calladita jaja asi estan quemar mismo insinuar uno metida,N
3,771900763987513345,pereza querer chocar banano,N
4,772550560998301697,bueno mayor cuanto campar tú sos cartaguito cada aspecto vida vestir,N
5,772594807357124608,pasar dia buscar baby lips acabar encontrar mesita noche fijar poner ahi dormir,NEU
6,772264329433509888,halcon terminal ver mortal mary jo bang volar todavia quedar duluth salcedo,P
7,771140523562143744,ahorita ir cambiar ligar brackett alfajor argentino bulto hambre hacer poder esperar mas,NONE
8,773525753082187776,amor paciente bondadoso envidioso orgulloso egoista guardar rencor corintio bueno dia,P
9,774595982600253441,amanecer respirar o2 puro mas regalar mas si am frente mar preparar mente meditación,P
10,774723515995914240,acabar ver chamaco piercing mota ombligo peor caro fumar jamon,N
11,773655374796759041,hahaha sq si hacer rato cambiarlo haha creer si aguantar mio bastantito casi ano,NEU
12,774256876787671040,acabar ver excompanera trabajar senti tentar saludarla trompa carro 150kmph intencionalmente,N
13,774803451830087680,ah si gracia encontrar ahora pricesmart vender hacer ano,NONE
14,774852457209880576,bueno noche papar descansar,P
15,774865746639728640,faltar mil colorir unica manera hacer todo entrar metallica literal pichaseandome semana trabajar hora,N
16,773360298472329216,alvarado velar salud,NONE
17,773378686301016065,nunca hacer existir segun mas evidenciar aparecer mas vez dia casar validar,N
18,775116236912984064,! alegrar muchisimo gustar igualmente placer saludarte proxima venir sj avisar tiempo ir cafe,P
19,768160329486495744,hoy preguntar existencial hoy hacer frio volvio dar hipar despues tanto ano,NONE
20,768203766898233345,aqui chepe conseguir bueno sartén herrar ver universal marcar gibson q siquiera aparecer internet,NONE
21,769270495971770368,nunca decir contrario,NONE
22,769305893976485888,dar ganar volarlo acordar pelar desmadrar dejar querer,N
23,769344454088019968,pobre bastian scheweisteinger pasar united crack genio mou querer,P
24,769339737043677186,esaa mejor suerte disfrutar noche disfrutar grande saludo costa rico bueno vida puro vida,P
25,757258941210382340,mae manana llegar cuidar quedo dormir ahi liena quedar dormir llegar,N
26,757247192050446337,familia ir playa irresponsable quedarme hacer extra clase martes,NONE
27,757252258127941632,matt cooper ano ser partir tourjunto bicis camisa amarillo mucho gracia,P
28,757123970256605185,mejor dormir bueno noche,NEU
29,757418118947872768,horario semestre tan tan feo tendre despedir poco vida social estrenar suicidar squad,N
30,756912334816186368,sabio ir ser bueno dia dejar bus rompio fajar bolso,N
31,756520939492302849,maes vida mierda esten feliz mejor sonrian aprovechar tiempo amargar ir hacer menos mierda,NEU
32,756650097102893056,mal estan jugar creer q jugador viejo casar deberian tener prioridad bueno,N
33,756618178650923008,parce igual,NEU
34,756700943043928064,gracia dios cerrar broche orar dios siempre dar mejor hijo semana mejor pasar thnksgod,P
35,756313579872096256,hola paular partir primero generacion ir tener resolución problema bachi matar,NONE
36,756354568003457024,excelente dar carro molestar igual conocer nadie mas q hacer uber asi bono,P
37,757793484468211713,aca ugh canelo gustar caer pesar quitar gracia kris,N
38,756184498606190592,solo querer dormir mas,N
39,775941293411176450,bueno noche papar descansar,P
40,775928256633581568,oír revivir escobar pa poner interesante seriar eh jajajaja seriar,N
41,756194807630798853,unico senador q dirigir espanol audiencia republicano apoyar padre costarricense penar,N
42,758066276388384768,horario quedar tan perfecto tan bueno expectativa profes querer entrar clase tan bichoraro,P
43,755513187957518336,wtf biblia firmar diablo okno venir mente v,NONE
44,760675856326860800,solo mamar lograr primero vez cenar paz todo familia rodriguez feliz tener madre,P
45,760711448544837632,vivir metro basílico sali ver jugar polvora do dias bonito nadaquehacer,P
46,759198767451025408,fijar demasiar hermoso,P
47,760357231913119744,ver looking queers as folk asi dar contar nunca grupo mejorar amigo gay alguien adoptar,P
48,760177672525783040,recordar escribia hermano motivar hacer sentir util dios dar mejor hermano,P
49,760585615532437506,hoy iniciar concachampions realmente importar casar ir seguir si,N
50,760090117587476480,bueno dias iniciar mes darlo aunque mas menos bueno feliz iniciar semana,P
51,759229676669792257,llegar casar caminar comer estan dormir manana clase sam bien,N
52,760756300007477248,terminar am hora costa rico hacer super adictivo gustar encantar lcshinyforflowers,P
53,761208380954337280,triste raps,N
54,761702018197164032,fiesta bandera dia cerveza semana ultimar dia experiencia asi querer ir parranda,P
55,763031266169982977,estupida abis par mia esperar sacar desgraciar trailer resident evil fuck as md vamoos,P
56,762833657526497281,aguar helar regularmente mantener fresco poquito azucar semana durar mas mes,P
57,763042513913544705,encantar hacerte feliz,P
58,764523142995783680,poco decirle ningun trofeo conmemorativo equipo ganar jornada,NEU
59,763092730163568640,hacer dejar hablar saber cuanto extrano cha gracia,N
60,762980998762012672,emergencia gente necesitar ir hospital esperar citar hacer ano ahh apoyar parir nacional jiji,N
61,763162519582052352,entonces indigente problema mental justificar lanzar muneca callar,N
62,765284549127442436,ir poder ver mamar dia madre hijo grandísima puto bien,N
63,764569008465072129,daniela griselda,N
64,758120146607091712,totalmente fisico dejar atras personar atractivo incluir propuesta cerebro,P
65,755603120034488320,helar favorito comer parecio costa rico venir sigueme pls saludo bye,NONE
66,755006351793807360,acabar preguntarle mae par ir vina esque demasiar perdido,NONE
67,755234728156864512,hoy estan participar mucho mas mujer alegrar preguntar propio hacer preguntar parejo,P
68,758395896094752768,aburrir si vestir q motociclista andar especialmente violento pegar carro patear gritar gente,N
69,755966460355235840,bueno ir talamanca caquita girar malo finde examen analítico,NEU
70,758632139751579649,querer levantar ayudar,N
71,758451150349664256,milímetro querer hacer spoiler hoy ir ver nuevo caballo pudrir ver nuevo video subir uno hora,NEU
72,766391854149623809,quiza profesional muchopero remunerar principalmente femenino sonar paso pais,N
73,767053112007733248,xque perfumar usar victoria secret x ah usar pink mas caro,N
74,766460456634425344,gente aficionar futbol fanaticos envenenar hijueputa necio igual vida,N
75,767170856778928133,querer hacer preguntar si poder yay bueno preguntar ir irias jovenes victoria,NONE
76,767154504647139328,tú tambien ay triste nombre si dormir ir clase hoy 730 ! ! extrano beber,N
77,767156227042226177,solo quedar sabados mas asi jiji dias ir u vestir,NEU
78,761474790284595200,feo decepcionarte,N
79,762419931371622400,delicioso santo rafael ezcazu,P
80,761938992849838081,hahahaha habia vestir ojo desperte tratar dormir poder ser q ste despertar aun,NEU
81,761195957903953920,llegar tardar huge fan empecer creci subir caer todo seriar temporada favorito,P
82,762076127376515073,sincero rostro inocente amigar podar abrir perdi llave roommate contestar abrir,NONE
83,760726897819017216,tambien libro amp convencer pasar examenes gracia examenes viejo,NEU
84,760715780732354561,solo lucas,NONE
85,762534291255414784,cr hola queria agradecer personal starbucks sabana guardar cartero olvidar mejorar saludo,P
86,761372585900638208,buenisimo manana ir clase tardar yoga danzar yoga aerobic,P
87,777291543321260032,mandarle sacar conversacion alguien si varar fluir bueno sino ir pa mierda,N
88,777637901777514497,cagar puto,N
89,779066354758397954,post compartir ir poder tranquilo anunciar venir pobre gnr metallica,N
90,779085697554579456,saludo costa rico malayo q siempre escribir nunca responder igual nunca cansar escucharte beso,NEU
91,778795757985865730,chavo triste,P
92,779475155022123008,c triste realidad,N
93,779505704000364544,bueno chiquillo tirar piedra techar vecino si cristal feliz noche pili,P
94,778686044405321728,mas bonito ir bus llenar alguien comenzar toser si salir pulmon,N
95,777260686258819072,ver feo general,N
96,778387007831552000,jajaja pegar susto vida luego esperar meterlo taller icon vivir,NEU
97,778399423256592384,tan lindo diana mucho gracia ir ver acomodar ahora trabajar nuevo costar monton apoyar aca,NEU
98,778399123007569920,ano acompanarnos30 edad crecer manir vosotros mil gracia atte ale,P
99,779322857750827008,oops cierto matar,N
100,779181319024619520,noto personal ver videos noche youtubers comer ver videos noche youtubers comer ver videos noche,N
101,779173176357982208,coser q deber usar simplificar vida cerebro comun sonrisa eliminar interesar simple,P
102,779167291774685184,unam mil gracia prometer siguiente ano titular aunque costar llegar hoy,P
103,783372962971971585,rajar pasar ano dar contar uno coser cambiar mantener dar tranquilidad dias libre,NEU
104,783221220649172992,ct hola queria preguntarte si nuevo cafe chiapas mismo shade grown ir hacer degustación pronto,NONE
105,784013195321061376,jajajajajajaja consumir producir saludo jason disfrutar super viajar,P
106,783173947051216896,mamar adoptar gato dejar botar frente casar si alguien necesitar gato escribir,NONE
107,784856579795513344,sera entrenar entrenamiento artesanal decir ahora artesanal,N
108,784796015702441984,bueno ideo aunque dinamitar mia mismo edad distinto,P
109,784254527365013504,varar quiz edicion do examenes ensayar peor vacación casi acabar,N
110,785140294119485440,comic humor negro estare tiempo youtube si lograr volver ideo diferente cool,NEU
111,785015004647030784,ah hoy manana dia poder llamarme gustar pleno luz dia escribir barrio mierda,N
112,780613787376242703,hola odioso hacer falto,N
113,779847537574318080,ocupar dar secret pascoe beliebers comprar entrar despues sobrar poner venta normal,NONE
114,779562872791851008,sentir triste solo,N
115,781273986554486784,si aca algun chico chico mayor buscar emplear temporada navideño tender poner decímetro,NONE
116,781301714188054528,jajaja cierto ahorita percatar username preguntar vivir imbecil perdon,N
117,779569425573818369,fijar mae algun famoso decir entonces creer mas rico solicitar puerto opinion,NEU
118,780895754730676224,sali fin semana hoy tenia examen salir examen nadie querer ir torta chileno,N
119,779921033184903168,ayer gente fb portar mejor tl tw relacion temer himno,NEU
120,780481040225796097,bienvenido juego mental,P
121,779685439451992064,querer cambiar posicion cuartar tan indeciso si despues gustar ir sentir mal semana,N
122,779695637948272640,horrible bueno devastador,NEU
123,779693903645593600,9 a.m. aqui mocar tender llorar pelicula cameron diaz morir hijo,N
124,780014158708215808,queriamos ver tocar junto final asi ahora tocar leu q avanzar final visslaisaworldjuniors,N
125,777721329344655360,manana si dormir oficina contar sentir culpable buscar coral pantufla bonito noche,NEU
126,777704983705690112,mision cumplir fin semana fastidiar mario bromar verdad hola feo,NONE
127,777676192807649280,tabla revelador,NONE
128,783043022220951552,cargar odiar estan escuchar musicar abrazar salir vez vera quito,N
129,782363108945920000,! gracia pd seguir adelantar maravilloso trabajo quiza algun dia tributar soda stereo jeje,P
130,782096477183148032,x gimnasio ir cobrar 330mil colorir ano matricular hacer matematicas siguiente viajar,NONE
131,781528328712880128,curiosidad intentar banco distinto declinar reportar verde score tambien,NONE
132,782939496413212672,consejo hoy si querer personar tan especial nunca olvidar pidele dinero prestar nunca pagar,NEU
133,782803573864148992,peor basura mundo justar hoy andrea tenia verme mujer mal senti,N
134,782579699125932032,acoste super tardar ayer horario normal ahora poder seguir dormir aguantar calor hora,N
135,777267152197918720,si llegar unicamente pedir poquito mas tiempo normal tel,NONE
136,781367360418553856,mejor poder hacer hoy dormir punto llorar dia seriar,N
137,775421246758539266,siempre aprender nuevo,P
138,775418253942267904,sera normal odiar hermano siquiera respetar mandar lavarme culo rio lagarto,N
139,775331950290542594,manana hazme saber gran amor poner confianza salmo bueno dia,P
140,775389008545325059,bonito pasar fumigar,N
141,776434082154582016,listar puente peatonal casaya tendre dejar jugarme vida ir auto cajero,P
142,776158675476090880,asi ser metro alegrar solo si barca perder qe influir madrid cmo ligar ayer tuani,P
143,776807812076703744,rico dormir,P
144,776197117253607424,ey ahi si sabria decirte generalmente siempre hacer sol temprano llegar poner nublar luego 3 p.m.,NEU
145,775584603893411840,escribir gente hora ansiedad permitir esperar hora prudente,N
146,775223394996486144,gab lunes morir estudiar fisiología animal ahorita poder sabado domingo pa bueno,N
147,776589176934281216,tenis primero ser comprar llegar mundo tenis nuevo aqui zad,N
148,776614618269573120,delicia si mas cercar fijar llegar tupper kilómetro separar pozo,P
149,778376416530432000,qsflp corazon desperto paso seguir dictar voz sonar siempre ir ligar amor,P
150,778291153074401280,cenizo malo andar alegria arder ojo poder usar lente contactar,N
151,786728406633156608,manana examen quimica ingle aqui acostar celular conciente temer entrar,N
152,788748085761417216,matar historia tanto paises latinoamericano mierda seguridad maldito concepto machar,N
153,788735032336592896,bueno dias hacer hora medio sali cartago apenar capotar gasolina caro preso rendir,N
154,788164692376256512,hola,NONE
155,787738825552334849,positivo hacer tendre responsabilidad extra adquirir si quedar electo mae queria,NEU
156,787499227681140736,aunque dia empezo mejor manera quedo decidir tipo dia querer vivir,NEU
157,788950273771253760,independientemente resultar quedo claro tigre ir proxima fase clc,NONE
158,788962460552179712,pues hablar salir lado nono dentro mal hablar trastorno personalidad,N
159,787489428256141312,peor mundo olvidar fecho cumpleanos sorry felicidad bae,NEU
160,787659841426722816,despertar mas tranquilo relajar despertar amanecer cansar enojar,NONE
161,788596794888491008,mamar maquillar super chivo halloween gravar snap snap naymavp,P
162,788552972544258048,manana madrugar ir trabajar casi frontero norte si poder pasar ir todo botonar,NONE
163,788458345686568960,mismo problema tenia lado solo solo ir dia oficina vida ilusion,N
164,788258714708942852,excelente expectativa suponer ir pendiente verla mas pronto posible gracia,P
165,789317895352299521,aun comer listo hambre si servir dar pereza,NONE
166,793925945090449408,championsxfox poder mandar saludar costa rico ver sporting bryan ruiz porfa,NONE
167,794310305367158789,castrar ir cafetero solo traguito asi vez lindar darse tiempo,P
168,793902627809411072,ver vecino tan guapo peor llamar,NEU
169,794701150356434945,fin pasar rogue demasiar papar uno nike comprar,N
170,793835901860229122,manana entregar trabajar final aqui zen desayunar paz tener medio paginar escribir fuente,NEU
171,793498295951826944,fijar tenia amante bandido esperándola alison,N
172,793575747201798144,imaginate si saludar alguien saludar atras feo dar miedo ajeno,N
173,793476497721823232,monsejimenezp jaja dichoso entonces excusar ser tan repugnante,N
174,793494544780328960,dias hoy agradecer tener carro andar higado hinchar saber marchar mejor andar uber jaja,P
175,795301082805260288,siempre ver pasar deprisa ambulancia soportar avanzar hacer nudo garganta venir malo recuerdo,N
176,795401908328550400,si tambien gustar esfuerzo social google problema creerles volumen usuario,N
177,795395906682163205,loz empezar xq twitter solo joder darkus pasatiempo contar twitter definir uselalogica,N
178,794931782923730945,hoy concertar metallica uuhh lastimar ir wea triste,NONE
179,795738550364999680,chema oficina desear volver oficina dirigir empresa mejor,P
180,795747254338547712,saber hacer mas agarrar celular audífono despejar mente,P
181,795761629648617472,hoy ocho dar camisa 11 si ir lograr sobrevivir semana trimestral,N
182,795661212101017601,llevar mas semana lesionar,N
183,795667710050963456,sos jamar gordon favorito,P
184,795646557655826432,propuestasolicitud servicio deber quedar claro entregarles si claro habra problema,NONE
185,795625717404958720,arroyar mezclar realidad mundo paralelo diferente demas peliculas marvel,P
186,795490783453446145,querer aniquilar desgraciar,N
187,795488824042385408,ahora ver video pingüino poder creer normal tan triste diganme vosotros tambien llorar,N
188,790381773544837120,poder ver serie vez peor prisonbreak blackmirror,N
189,790315522558754816,momento decidir tener ideo mejor,N
190,790324639197196288,volvio mierda show huevo dia triste hombre arenar,N
191,789633490648129537,ir gastar comprándome halloween comprar mudar pasar entrar mil,N
192,791738636135964672,acabar recordar existir quedar navideño casi diciembre verlos lado,P
193,791640101751230464,aceptar hundir consumismo nuevo macbook pro gopro hero gopro karma nintendo switch,NEU
194,791005572690681857,guerrero ir ser gran comunicador,P
195,789620351042932736,princesa hermoso crecer rapido amar pequena tia,P
196,789960420610093056,ir ver armagedon cintar rajar mucho gracia personar recomer,P
197,789934663540154368,levar dudar foto meet aca cr ir publicar ano venir,N
198,789682700491759617,tejer cabron si programar ver agradable vida real doblar bueno gente,P
199,791469610759516160,anticuar doler ver escuchar gente querido rabo,N
200,790675497512558592,sospechoso tardar navideño octubre grinch,N
201,790449761988046848,quedar wifi flojera levantarme encenderlo nuevo mamar querer,N
202,791118835038425088,cueropapel tijera tenia vestir hacer do semana subir preciar,N
203,791139931485773826,decir german triste jaja nunca habia querer gato jaja,N
204,791127304739094529,decir nuevo tranqui jaja si ver mas bolso lindo recomendar tambien porfa,NEU
205,791067778752983041,tipica nunca decir palabra picha siempre comer,N
206,790008095069970432,ultimamente twitter ideo twittear feo tec,N
207,785571705754226688,grupo estudiar religioso sotano estan hacer bello increible solo querer ver pelicula puto,N
208,785566254060797952,bonito tener orden vida solamente aprender acostumbrarse poner coser personar lugar,P
209,785649591911714816,regalar asi si alguien interesar poder buscarlo tipo md cercar plaza cultura soler,NONE
210,785931249915301888,poder ver info horario tenia ideo podia solicitar digital gracia,NONE
211,785993181456248833,fijar perder vez pasar encontre lavador fumar rendir semana,NONE
212,785819071300251648,queria levantar ruido hijueputa licuadora gracia descerebrado primar,N
213,786047229492539393,listar mucho gracia nella,NONE
214,786047159212781568,si coral zepol necesitar influenciar digital hoy despues pichazo pegar podria ser,N
215,786031752594587649,llegar peliculas cine clasico pedi asi vere basico the purge ano eleccion,NONE
216,786066321008099328,hoy santi rego michel llenar fresco parecia ceniciento pisar jaja,NONE
217,786065045713219584,gracia hoy feliz descansar sonar bonito querer monton,P
218,786129263002918912,feo celular,N
219,786055233340313600,criterio favor tan claro cuanto resultar final,NEU
220,786076428177661952,recuerdo mas importante mejorar vivir quedar alma mas cualquiera coser horrible,NEU
221,785690847715008513,bueno noche chico chita tl sonar bonito asi,P
222,786818931910545408,jaja gracia igual medir,NONE
223,786788822377910272,gritar malo personar,N
224,786782707330134016,salir examenes ir meter gimnasio ir tener cuerpo lindar ahi ir ser feliz,P
225,785658215841181696,new balance podria dejar ser patrocinador sele camiseta feo vez,N
226,785811619204964353,bueno dias ultimar dia laboral ir vacación semana exitos vida feliz,P
227,785744398705364993,si ir comer gallina mejor quedese calladito tomese pastillitas seguir echándole contar youtubers,N
228,785391027561439233,centrar bueno tan malo elemento primero do peliculas mejor agregar nuevo,P
229,786954063615176704,profe comunicacion parecer profesor umbridge fondo malvado querer ver quedarnos,N
230,787046850264076289,decir tanto vez odioso vez creer si naah amor,NEU
231,787049955206627328,ahora trabajar tiempo completar sentir tan merecedor viernes derecho cantar the curar,P
232,786963065527033856,ralentización mas divertir,P
233,786964419079122944,casi quitar frenillo querer aun sentir feo necesitar menos ano mas,N
234,786412156711428097,temer apartar vida dar mucho vuelta curioso cambiar coser,NEU
235,786405475055046656,ey injusticia sabio guardar queria arruinar danan siguiente poner,N
236,786417329731014657,chiky evento decir mae echame amigo nunca cumplir malo mejor amigo,N
237,786416898204393473,manana debut percusión león chino poder dejar ser samulnorian frustrar aunque traer samulnori mas lindar,NEU
238,786464649239752704,menos tenes ahi acordar ultimar vez ver mio amar cancion btw,NEU
239,786438206778585088,operar lunes leer alentador seguir mejor,N
240,786509571934130176,campo jurel reconsiderar siempre insomnio ansiedad dejar dormir manana,N
241,786027261325668353,hablar caca lado comemierda democrático,N
242,786237591569825792,! mejor esperar emocion disco nuevo desear tener tiempo digerir todo discográfico morir,P
243,787153460957421568,amor duro siempre,N
244,787153315377184768,nuevo querer dedicarme solo ser groomer pasear perro saber felicidad traer,P
245,787122996225777664,ah entonces ver 1 stranger things ademar menos episodio ir ver si empezar,NONE
246,784583239742713860,i told you bateria ridiculo duro minuto ahora necesitar arreglar,N
247,784605890418794501,respuesta correcto jaja,P
248,792219664013074432,casar encerrar carro musicar full deberia algun lado,N
249,792581420908617728,cr azucar jaja solo salir limon vez echar poquito chile,NONE
250,792559306881142784,perfecto ! gracia ver cuanto tocar pagar ano ano pagar mismo,N
251,792520091204222980,﻿1 vez ano plan halloween disfraz solo querer terminar estudiar rapido ver partir,NEU
252,792530696136904704,windows mal caer abrir cualquiera navegador aplicacion tan lento torpe ineficiente dar pavor,N
253,792817450555437057,suspirar poner picadillo chayote moler maiz dulce arroz fríjol bistec asi sencillo,NONE
254,792786886578216960,perdon jaja semana pasar contarte podia,NONE
255,792774890835161092,apoyar network network futuro página hare videos directo ahi habran,P
256,792824638409629696,extrano vivir tia poder ir playa peder primo favs,NONE
257,792625137396744192,si pagar viernes estaria fuertemente fiesta aqui acostar cama colorir tarjeta,N
258,793251112283353088,mamar ir tambien ir fijar acordar distraida,NONE
259,793155324085547008,jurar ver borroso,N
260,793164052847484928,vez pasar hacer amigo bano club llamar naomi saludo naomi presentar,P
261,792449072976175104,sentir tan inutil bueno siempre trabajar tarea pasar,N
262,792469210567888896,minutar silenciar trabajar horario mall poder ver clasico,N
263,792389968677117952,hacer huevar freír mas perfecto historia tomar foto,NEU
264,792122619348684800,arom simple mejor arriesgarse q consumir q disfrutar mejor pasar,NEU
265,792933372892819456,vosotros mejor amigar chile mejor amigar extrano zad,NEU
266,792950601533394944,jajaja poner buscar defecto bueno iniciativo redar tambien querer haz falto,P
267,792973675364388864,boto cuidar enamorar suegro ver senora manir cocinar decir qe panza lleno corazon,P
268,792997729307725824,todo mil personar podia haber pasar paso,N
269,792895126431420417,millennial memorial cambiar contraseña wifi nombrar gatito amigar boabdil acabar morir,NEU
270,791840258040041472,regalar hermanar menor pleno adolescencia insoportable aceptar invitar comer,N
271,790913130545057792,negar senor misericordia siempre proteger amor verdad salmo bueno dia,P
272,790727328888262660,amar hacer ano demasiar comun jaja,N
273,790797092050472963,estomagar decir mozarella stick hueco post operacion decir pure gerber,NEU
274,790060482035974144,sentir mas ignorar costumbre bueno estudiante universitario vez lamentarme poder aprovechar tiempo,P
275,789741457443663872,am semana dormir hora hacer examen quimica am salir brete pm,NONE
276,787975897664004096,si si prender fuego unica sabio cantar hacer fila bano gustar conocerte,P
277,787984763713826816,entrar trabajar pm santo carlos tio creer ir llegar puntual,NONE
278,787886655919288320,podria decir ex demasiar feliz hacer crecer personar,P
279,787858728607322112,decir bonito dia super chulo divino crush decir feliz cumplir,N
280,787887162389766144,cr ahi bueno descansar mojar palco frente hablar privar libertar,NONE
281,793311961186381824,seriar ir graduar tiempo dios,N
282,793311843045380096,stargazer si perder esperanzar jaja decir mucho expectativa alguien dar tomar gordo,P
283,796477634930679808,clinton ganar votar popular trump colegiar electorado adivinar presidente electo,NONE
284,796509950822547456,sorry x delay app arrancar quiereabrimos lunes sabado pm,NONE
285,796393637479325696,escuchar aguantar poder creer aun elegir realmente triste,N
286,796436593355661312,final siempre llegar mismo debio asumir mas lado femenino,N
287,796208842640097280,posible trump ir ganar elección aun ganar pizza !,N
288,796200964684468225,cada accion cometio delito vez llamar concursar ideal material acordar,NONE
289,796138069451767809,pendiente vacio whisky habano fin complicar,N
290,796007317653385216,bill clinton viejito,NEU
291,796040775364710400,escena documental mas respetar naturaleza planet earth bbc dudar montar,P
292,797201498379812864,hoy bueno diaa,P
293,797442154998198272,tan divertir,N
294,797979127089246208,necesitar plata regalar cumpleanos alcanzar ropa navidad ano nuevo,N
295,797920810560155649,querer enseñar bola facebook politica desnudo estricto mejor,NEU
296,797946447580626946,hermoso verdad [ ? ] tocar quitarlas poder mostrar caro,NEU
297,797825741144686592,ver nuevo emojis ios102 aguacate,NONE
298,799279043124297728,tan triste vida hablar snapchat solo decirme animal lindo,N
299,799265326902951936,sentirse mal querer creer bueno saber querer,P
300,799202890032168960,estornudar mordi lengua suerte asi,N
301,800022236312829952,vez dejar mamar verdad ver tan guapo,NEU
302,800074815520509956,suerte nivel llamar pizzeria pasar pizza llover dejar sombrilla perdido,N
303,800073694286675972,asi hacer estupidez,N
304,800197219785867264,parecer personar odioso cada rato decir caro amargar,N
305,800191474503745536,jueguito septum cerrar completar caber pieza,NONE
306,800166145672310785,jajaja aqui confianza virtual,NEU
307,800169135808409600,ex novio vrs sabino finalmente aceptar viejo,N
308,798874400019849216,hacer haganlo amor corintio bueno dia,P
309,799603531380588544,bueno dias pase bueno dia,P
310,799600564283801600,sacar cejar ocurrir coser genial decidi arrancarme pestana ahora doler parar hinchar,N
311,799673383017443328,canción juanes julieta venir siempre hacer feliz,P
312,798562479022440448,ver fox pasar portar periodicos deportivo solo crc periodicos deportivo,N
313,798593094409211904,hacer sino nadie contestar asi ver culpar mover coser perdon vivir,NONE
314,798520354264137728,siempre desear librecomo hoy andar temprano dar vuelta sonar,N
315,799106736204500992,librar leer seriar ver noche estan volver aburrir,N
316,799128741393920000,imposible querer irse europa tenia pequeño esperanzar saber imposible ahora llevar europa,N
317,798395934359089153,gato mae esque top dez bryant brown obj zek venir cuartar,NONE
318,798228439182426112,obviar querer llegar verte asi vez organizar irma,P
319,798226790539923457,buscarte xq habias agarrar x callar venia hacer concertar bueno pues encontre final jeje saludo,P
320,798018670471614464,asi aqui pasar similar dias,NEU
321,798087645645651968,ahh jajaja bueno bueno noche descansar,P
322,798682768158982144,ay tan lindar amigar gracia esperar jugar rencor hacer imparable estan resentir,P
323,798706777751687168,ingrato solo tú si,N
324,798732040376029185,solo quedar casi ver luz,P
325,798731333858197508,ay bonito demasiar extrano sufrir altura ir pelear,P
326,798747276466384896,jajaja exacto igual solo mas seriar declaración aun solo siempre decir asi,NEU
327,797865894001180672,familia empezo villancico volumen tenia musicar poner quitar,NONE
328,797862382089420805,callese mae jajajaja carro bastante durar mae jaja,NEU
329,799445926087716864,malo indirecto esque chisme medio asi poder,N
330,799448567626743808,ano ir ser diferente ser diferente,P
331,799436785487122433,verdad triste llegar punto,N
332,799408617543733249,varar odiar materia teorias amar cocinar,NEU
333,799430917026627584,mami ir bajar velocidad internet mejor quitar,P
334,799482352384741376,hoy desvelar nuevo,NONE
335,799481901874638848,papar emocionar lagrimar tenor concierto quedar alma siempre,P
336,799475852350259200,gustar ahsroanoke temporada bueno miedo corto ansioso temporada 7 [ ? ],P
337,803626014127439873,ge pulsera bastante intentar par vez bueno foto mae,P
338,805623699453935616,talvez volver yt asunto personal,NONE
339,805623476224671744,encantar resaltar moda ser superficial sino ser excelente criticar saludo costa rico,P
340,805614283509919744,lelo escribir responder lelo dejar gris,N
341,805598225075961856,ab tomar descansar apenar nuevo ir dairy queen bien,NONE
342,805637515864576000,correcto puro arte mejor poder describir felicidad bendición,P
343,806270461080375296,nadie querer ir tomar cafe conmigo,N
344,806152341749698561,interrumpir sonar perdi sonar momento gracia trabajar quedar dormir,N
345,804536745907908608,bonito anunciar excedente asociacion solidario estan depositar,P
346,804505028673282048,aun poder salir u tarifar uber alto escupir,N
347,804158689821229056,mejor ir estudiar,N
348,805793848488292352,oh curioso google play music apple music servir,N
349,805899060154613761,cinnamonrolls traer mucho paso puro sabor navidad prosanafoods estaciongourmet,P
350,805879457806487552,gc chivi hacer videos mas tocándose cabellar video hacer divertir entretener,NEU
351,805585062867693568,hacer tiempo ruta desafiante ! felicidad campeón [ ? ],P
352,805030196265054209,hacer sandwich vez queso poner leche condensar aun asi poner tostar,NONE
353,804358931342589952,face oscar dejar claro amigo,N
354,804719772114022401,void07 ! calmo poblar ir bien solo ir presentar hacer fucking examen tranquilo,P
355,804718720715255809,ano mas ocupar trabajar temporada navideño ocupar plata si alguien saber avisar,NONE
356,804773102655852544,super diferente trabajo anterior comprarlo tho disponible apple music,NEU
357,805498107047870466,gustar rumbo vida llevar sentir tranquilo contento conmigo mismo,P
358,805546029877698560,peor recibir clase restaurante fuerte olor comer hambre,N
359,805516843876319232,ladilla chevere,P
360,805362967055372288,solo actividad interes hacer levantarme 4 a.m. menos jamar vida,NONE
361,805506932538806272,despues semana comer mexico preciar ridiculo ultimar q haria ir feriar gastronómico lluviaencasa,N
362,805270554169274368,hoy tocar ultimos festival navideño pz llover adivinar quedar,N
363,805269972540882948,cambiar modelar d paco trabajar muñequito rico,NEU
364,805274366195990528,extrano siesta todo tardar,N
365,805302138075303936,ahh ahi rubio jajaja mal quitar,N
366,805109479922683904,impotencia mas grande entender significar resignación,N
367,805986009720782848,sabio amor vida ir cantar vestir programar,NEU
368,805967820496506881,super barato casi nadie festival,N
369,805932294397722624,ahora si oficial trabajar mas chivo podia pedir,P
370,805929121100468224,sii claro play podar comprarlo dolar ps4,NONE
371,802912779854352384,feo tener terminar alguien mas do personar aun amar entornar favorable,N
372,802953483838246913,ayer aun listo recibir donación punto,N
373,802994601271259136,casi aplastar arbol bueno casar llegar navida,NEU
374,803324783907794945,creer solo ganar roller,NONE
375,803305331585650688,llevar doritos fresco llevar pan,NONE
376,803725500216545281,lluvia definitivo piedad andar bus,N
377,803753329000071168,odiar profesor estudio social,N
378,802897477456265216,asco spotify compu,N
379,802536550311440384,ojalar conseguir tambien ojalar empresa concertar sorpresa asi,P
380,802528311226208256,gustar dar bueno dias bueno decir,P
381,802742656841314305,dejar ano ahora volvi dia terminar empezar largar doler,NONE
382,802739333828636672,alegrar milord feliz regresar casar averno,P
383,803224335775367168,lunes litro lindar gracia dios trabajar,P
384,803244397705969665,igual examenes final inactivar esperar volver normalidad ahora adelantar,NEU
385,803061996828692480,perdon ser peor prometer darle amor comprensión ternura apenar terminar semestre,P
386,803214630113988608,hoy hacer manera olimpia tenia olvidar ! ah si sombrilla,NONE
387,803219303818559488,arca si justar necesario hacer sentir mejor,P
388,803219187850088449,pues hacer si funcionar sentir mas tranquilo despues,P
389,803207109051564033,bueno dias exito martinica sumir ir llevar mucho alegria personar estan sufrir,P
390,803101972517638144,pasar peor decirle agregar nuevo jajajaja,N
391,803109708378738688,preferiria discutir umpalumpa cristianar conservador derecho,N
392,802591645979930624,chao ud seriar poder,N
393,802654547151884289,mucho gracia palabra fuerte abrazar tú,NONE
394,802656976664727552,cansar saber hoy ayudar hacer feliz,P
395,802298017617326080,sentir identificar tweet ver contar mejor amigo avezar dar rt coser,P
396,802610197306802176,claro fe ticos solidario mas necesitar,P
397,802617732747366401,mejor amigar llamar venia llegar casar minuto esperandolo,N
398,802362941953736708,aquel senor amigar hacer numerito hoy encantar hacer dia ginebra empezo fluir temprano,NONE
399,802369892620111872,ver dolor jurar nunca mas volver lugar quedo pz interesar,N
400,802374903299239936,si cel interesar coser tenia ahi irremplazable gracia escribir,NEU
401,802339920023027712,semana necesitar casar cunar apártense suficiente presupuestar animalito afectar,NONE
402,802352213330784256,hora pais extrano,N
403,803070151935619073,bueno fiesta pegar,P
404,802971994950160389,ahora enterar existir carrera investigador animación japonés desperdiciar vida,N
405,802721540076761090,hoy hacer gol vida perder hacer gol vida,P
406,802423538367930368,envie foto ignacio decir picha mas feo,N
407,803970852199034885,yeye pintar sabio parejo,NONE
408,803787178321084416,lluvia definitivo piedad andar bus,N
409,803786450852605952,masculino adulto fanatico obsesivo my little pony,NONE
410,804122640411742208,gustar hacer,P
411,804010711810801664,ojalar poder darte abrazar vivir menos acompañarte hoy sentir primar,NONE
412,804048178492407808,! hoy habra nuevo campeon pasar campeon perder carlsenkarjakin,P
413,804050118412562432,realidad menos amargar maldito jugar vivo parecer prometer,P
414,803994481938853889,leu post equivocar aparentemente salir diseñador snob feed,N
415,804064900469366789,ir morir querer verlo vivir tigo cbs,N
416,804139696595107840,pues decir temblor decir contar pasar ensayar tipico,NONE
417,799987480518922243,excelente grande,P
418,801271513542496256,querer demasiar baldar pollo cebolla papar frita materia alguien lleveme,NEU
419,801223329625542656,mispropositospara2017son buscar mejor amigar necesitar alguien nadie,N
420,801279880247713792,enfermeria gareth balar podria perder clasico,N
421,801291354978582528,jajaja verme aqui ojo pelar,NEU
422,801304592902483969,abrazo aqui vibo ! ahi estare listisima grabar entrevistar,NONE
423,800926948025319424,genial iniciativo poder ayudar,P
424,800209365831532544,harto semestre sabado noche resolver integral encontrar areas,N
425,806502753707159560,amigar secretar hoy traer delicioso arroz leche,P
426,806353036708900865,﻿1 capitular primero temporada black mirror bien pinchar triste wey,NEU
427,806657359716249601,dar igual funcionario publicar pensar asi,NEU
428,806341840551157761,sentir tan solo noche dormir pariss cama hermanar,N
429,806343202315898882,ojalar seguir junto tiempo,P
430,806364751106342912,pense luego jugar junto ir cambiar,N
431,807324978693763072,ojalar netflix viejo tiempo,N
432,807381460827205633,momento montar canal repichudo,P
433,807425510435356672,poder sonar ridicula si llorar,N
434,806330716367765504,carepichas solo pensar,N
435,808043758235303936,verdadero ver videos mas caca mas apoyar costar,N
436,808067430014656512,mandarle maldito jonathan duarte hospital pasandola mal operacion solo ver videos,NONE
437,808012377312600064,cr uff discusion enorme clinica mayar dejar hacerlas ano resultar,NONE
438,807254954226384896,si bien dar calentura nuevo,N
439,807537268235833344,peor encontrar bar poder hablar x timidez,N
440,806696427883790336,mediodia proxima dudar aunque ver seriar carajo bueno noto,P
441,806755531591294977,relacion igual davi perder,N
442,806723955973189637,primero vez david cenar casar quebrar vaso,N
443,806712993098727428,rivera mio peor andar do telefono poder revisar tw fb ig,N
444,806903754083672064,descubrir picar diria patan,N
445,806726824608702464,jurar stalker instinto asesinar activo,N
446,806687497619206144,! tambien tradicion costarricense suponer cajeta leche almendra mas rico todo,P
447,806694328718553088,bueno verano grupo vario competir,P
448,806850707219484672,tenis blanco usar dias,N
449,807261162358394882,seriar coser ganar dar,N
450,807242670267596800,mejor amigo secreto vida querer regalar ir dar,P
451,807117733531963392,hoy sera dia largar ultimar dia ser pilluelo ano,N
452,807090883766157313,ire dormir saber unica app mangar leer actualizar ons,N
453,807042574158598144,esperar bueno jueves noche,P
454,807042479505764353,si corregir tragarme tierra llevame directo infierno,N
455,808163207013695488,fijar si gustar hacer hacer episodio vii cine vez,P
456,808139453021777920,encantar olla carne gustar ser sopar mantener lleno bastante tiempo,NEU
457,808136758105899008,podria pasar dia enterar ver solo detener,P
458,808101774196428801,si desesperar llevar puto,N
459,808122577818439688,triste andar actividad bailar vere raro chateando solo medio pistar,N
460,808143467083862016,dichoso casi terminar apenar ir jaja,NEU
461,808210014494228480,solis mismo luchar,NONE
462,808194490435571712,delicia mamar casi dejar meter gato encantar dormir aqui poder,NEU
463,808189213392982016,decir solo volvio ver siguio dormir dar lastimar,N
464,808156606739443712,queria graduar camisa rosado,NONE
465,808341965188333568,si comer crepas beber cafe smoothie hoy habra feriar navideño esparcir poner,P
466,808435688756678656,vestir nuevo episodio twd,NONE
467,808342410543726594,bueno dia seguir,P
468,808357021909192705,normal aburrir,NEU
469,808444195266510848,fav si creer gustar pene famoso nadie ir dar fav pues tendre consciencia limpio,NONE
470,807740854882406400,hoy decir contar crush novio menor,N
471,807697679052587008,odiar cambiar plan comodidad demas,N
472,807779949998391296,reglar segundo,NONE
473,807798427421704192,diay bonito comentario,P
474,803418254819651584,men elegir mas perder unico importar divertirnos viendote jugar,N
475,803289620268072960,estresada esperar resultar,N
476,803296800555798528,ir cabra loco,NONE
477,802300439341465601,lleno demasiar ver tanto gente intencion ayudar moviendose lindar,P
478,802519704288067584,mamar solo decirme gordo,N
479,796387096823033857,asi ahora posible nuevo carrera armamentista in the making,NEU
480,796433687927783434,sopar negro opcion plato fuerte soda dios saber reconfortante despues noticiar agobiante,P
481,796328841052618752,demasiar decepción humanidad,N
482,796537219859226631,salir luchar flotar work lindaperopobra,N
483,796715835888988160,ver pipi aqui conferenciar prensar casi llorar nino solo ahi temblar,NONE
484,796518460763291648,jalar traidor vender coronar espanola,N
485,796517504583614465,podar tener mejor do mundo,N
486,796846796245004292,gente bueno pasar coser bueno restar vez tambien pasar coser bueno,P
487,796855421424324613,nunca ganar chulo serio probar nuevo pizza tardar siberiano crown pizza,P
488,796861636732747777,jueves pasar esperar entrenar,NONE
489,796852759572217860,jaja trump primero mesar ir traer abajar tlc ir ir mierda,N
490,796869639691190272,muerte andar parranda jejeje,P
491,796878053557370880,uff coser delicioso jajaja desorden meti pato ser feliz exito,P
492,796781652454338560,chingar traer almorzar trabajar gracia,P
493,796788190279598080,muchacho nieto senor galletitas siempre dulce navidad,NONE
494,796809889171603456,vez querer desnaturalizar temer bienestaranimal dejar texto iniciativo popular solo perro gato,N
495,796827048899710977,cancion non video publicar nov aqui compartir,NONE
496,796749746815827968,sentir tan cansar saber salir,N
497,796767254872489984,todo estresada examen manana si perder jaja pasar cursar,NEU
498,797094392725204993,acabar confundir estudiante universitario mejor bueno dias,P
499,797176679848407040,ocupar viernes negro ver si comprar tele mio dano,NEU
500,797115537910333441,primo cancun hoy adivinar ser unica,N
501,797149716794540036,pasar todo manana meter google maps ver costa rico street view,N
502,797224842567315456,encontre tarjeta pegar cajero llamar banco reportarlo bueno poder tranquilo whatgoesaroundcomesaround,NONE
503,796938829919817728,llamar probarlo decepcionar ahora fresco leche saber puro sirope,N
504,796938734851751936,problema 2e1 grande tampoco punto hut do malo noticiar,N
505,796556024299814912,lon paz bonito vida costar,NEU
506,796612199930281984,necesitar gato vida asi convencer papar,P
507,796035204188139520,juan llegar ir divertir gustar catar,P
508,795843045493211137,navidad ir pedir subir condenar,P
509,796197595018358784,deberia dormir bajar largar atacar ansiedad bajo intensidad,N
510,796199821061328896,triste ver odiar mujer encimar razon,N
511,795862004519104513,queria salirme aguar termal manana ir monteverde ver tal,P
512,795848586269523969,venir ñoño fijar mayor llorar,N
513,795852476205465600,aprender prestar coser parecer todo hacer divertir nunca devolverlas,N
514,796254025033322496,decir valer mundo decir,P
515,796240698702000128,ahora dormir lleno repelente,NONE
516,796303545674899456,leer tratar entender ir pasar todo fuente usual fallar,N
517,796289138936844289,turrialba odiar definitivo milenio atacar asma semestre,N
518,796192470895890435,ay decir posible aun,P
519,796260285220843521,mae tan desastroso aparentar campana hope i all we have left,N
520,796246237272010753,jaja fijar dejar entrar jajajaja,N
521,795163385184866304,elanna jajajaja pense habia captar indirecto si vacilar avatar,NEU
522,794571617166704640,! ganador felicidad hablar mensaje ! gracia participar,P
523,794634461392596992,psc posar poder izquierdo unir distanciar jeje,NONE
524,794776643277586433,hoy dia lindar alinear amigo jueves amar,P
525,794724597220446210,pues si pienselo ultimar esforzar ahorita llegar vacación,P
526,794569372912103424,cr puro vida llamar haber llamar,N
527,794715441486766084,dias sonar accidentar varios vez increible trauma generar coser,N
528,794714666928930817,sentir tan feliz semana cerro bien,P
529,794812839999533060,taani cansar podar dormir,N
530,794750067928399872,diganle hellen extrano odiar solo,N
531,794754276660748288,tan solo mal dia malo vida,N
532,794768124646191108,poder entrar servidor site responder,N
533,794462535084740608,garcia pues bueno momento hacerlo,P
534,797640962952622080,cr charita cantar igual,N
535,797532460884037632,hoy seccion propio voz partir grupo contar descubrirlo,NONE
536,797619946146689024,alguno pelicula tuanis netflix querer recomendar gentequenocoge,NONE
537,797504019329585153,vida demasiar corto seguir reglar,NEU
538,797536079817703424,ayer descubri amargar realidad preocupar,NONE
539,797515887100182528,acabar tener ideo formidable involucrar mandar correar,P
540,797675073649905665,decirle mae perro ofensa pobre animalitos,N
541,797507093490266112,aw tae daria poder abrazarte,P
542,797271394862120962,sentir si facebook decir cierto pásame,N
543,806926936706519040,lamentable temer tan sensible jamar enfocar,N
544,807016182679097344,lagartija haber enamorar perrito cantar llamándolo mismo hora diario hacer,P
545,806516119058186240,durar iniciar dia noticiar triste,N
546,807004656069132289,mejor decir ir comer helar ocupar salir,NEU
547,807009011824467968,durar nino versar forzar ser partir proceso,N
548,806955308408934400,montero ! tenes dias actividad mucho peliculas disponible asistir,P
549,806970411242160128,suponer importar nadie hombre eurodescendiente heterosexual catolico cc,N
550,806977846950428672,decir llorar locura opinar si decis ! si entonces cantar,P
551,806979207674916865,ir fijar ahora llamar reservar,NONE
552,806980868841607168,hola complacer paraolvidarte faa saludo liberia,NEU
553,806980451336409089,hola complacer paraolvidarte faa saludo liberia,NONE
554,806980303684300800,hola complacer paraolvidarte faa saludo liberia,NONE
555,806979961609392128,hola complacer paraolvidarte faa saludo liberia,NONE
556,806945783031406592,tamal pierna fresquito quique,N
557,806923376728150018,cafe sono inu estabamos sentar,P
558,806906404112134146,malparir maldito malnacido carta lillie full artículo sereno,N
559,806991938553606147,queria dar bcr asi,NONE
560,809446607196454912,jajaja bueno verla anoche pase excelente dia,P
561,809487952506224640,ganar lugar especial corazon,P
562,809432817696378880,página perdido tomar cocar,NONE
563,809507631538860034,querer seriar pagar poder irme rayar semana,NEU
564,809374283306827777,xenia vida tenia todo intencion hacer imposible final dia,NONE
565,809390134403747840,amanecer llenar comilón anoche bnopenhouse siempre campar mas desayunar,P
566,809367478300250112,! bueno dias gripe hoy disfrutar dia,P
567,809561788824059906,nomás tercero ir mucho actividad ano ir mas tres,NONE
568,809528195104067585,necesitar tacón negro,NONE
569,808713660000600064,poner triste quedar papar bolsa,N
570,808498787182317569,! querer ayudar poder menor tarjeta menos dinero si ! daria,N
571,808530298799587329,hoy llegar minuto tardar clase literalmente solo minuto durar 2hrs35min llegar u,N
572,808523752887767040,segundar temporada fuller house durar dias,NONE
573,808768326063321088,seran do ultimos show bailar minis boys,NONE
574,808738451067731968,cr ah auditorio nacional proximo ano marzo jaja,NONE
575,808708745194799104,si tambien leido quejar twitter interacción social bus,NONE
576,808706648206352384,dormir tan rico jaja colera dar despertar,N
577,808669749022519300,avila hmm aun sentir pegar cielo boca,NEU
578,808697535938314240,igual trabajar,NONE
579,809127790981369860,sali poder manejar migraña,N
580,809846303534514177,necesitar ir hogar dormir do hijo peludo saber gripe,N
581,809828470075301893,terminar contratar ver seguro solito,NONE
582,809950354611826688,hacer sentir tan bien ver ex sentir absolutamente,P
583,809927403615256576,definitivo quedar campar ir tacón habia mentalizar queria ir percebe,N
584,809918358955184128,ysi mejor seriar mundo,P
585,809917034750509056,sera seriar alguien poder dormir,N
586,810701756791484416,sera primero vez,NONE
587,810700953620021248,igual jajajaja tratar evitarlo lograr,NEU
588,798320488619577344,bueno vibrar transmitir,P
589,798206253541584896,adquirir sitiar abarcar paises momento parecer excelente herramienta,P
590,798356108473696256,pais tan afectar haiti necesitar mundo enterar,NONE
591,798329898746015745,adorable diay hacer,NEU
592,798261817260863488,sera solo digital entonces ! perfecto verdad muchisimas gracia abrazar costa rico ! puro vida,P
593,798306527882919936,acabar llamar si muchisimas gracia,NONE
594,798304922399895553,hacer desordenar horario comer agarrar dolor cabeza permanente,N
595,798366463639900160,nunca dejar snapchat abrir celular mamar creer hoy dormir callar,N
596,798386889392799744,creer contratar hombro asi mas hacer picha,N
597,798384095730409472,superfluo expectativa vs realidad gracia * * * * * * * crc puravida costarica ..,NEU
598,798239489734807552,dj cr estudiante periodismo encantar ámbito deportivo admirar sonar conocerlos porfa fdjpuravida,P
599,801509591121068037,si u cerro entonces librar lunes,NONE
600,801513687848779777,bonito lluvia regresar tocar ir hermanita kinder,N
601,801531504325263362,alguien algun contactar hacer quedar navideño,NONE
602,801250704786681856,vosotros saber vida basar ver,NEU
603,801189905112174592,lesionar balar clasico,N
604,801504187314016256,salir bonito,P
605,801501985417662464,morata kronos balar poder aun casero clasico,NONE
606,800547473341218816,rajar mientras llegar aca,N
607,800541436819148800,malo dar penar,N
608,800548175346073604,mae si cierto ahora nadie mayoria buscar tener seriar,N
609,800576201244995584,1146 hambre mejor acostar panaderia cerrar,N
610,800578955485081600,mas seguir saliamos batir maracuya,NONE
611,800373386610360321,ningun respetar dolor ajeno,N
612,800449161032241152,badilla tan tan guapo senti feo decir contar,N
613,800498900578738180,si odiar recibir noticiar asi,N
614,800475290464043009,ay cancion 3 cielo,NONE
615,800380922491269120,jajajaja seriar haz falto,N
616,800388250942709760,dev bby durar verdad,N
617,801084134525456384,decepción hacer victimar dramatica obviar,N
618,801130179879899136,exitos bueno vibrar recital,P
619,801134263806623744,pescadito gente afectar inundación,N
620,801122512776073216,hora marear ganar vomitar bueno verdad,N
621,801073708337156096,exacto colera dar,N
622,801070468677648384,mamar decir ir cole seriar amar ir,P
623,800366436904562688,mamar triste gabriel badilla corazon miedo dar coser,N
624,800476895167057924,lamentable badilla pásame hijo quedar papar,N
625,800835505717972992,oido mcdonalds mejor mannequin challenge vestir ahora venir hacer gobernar hacer do ano,N
626,800768688270020608,maldito lluvia matar negociar asi nadie querer ganar sacar perro,N
627,800773852783644672,ver si depresion tropical convertir huracan llamar otto comenzar memefest,N
628,800765569880522752,hola momento siempre quedo encargar proximo pedir,NONE
629,800719427125833728,tren cada medio hora mito urbano pasar,NONE
630,800336465284710400,lamentable informar murio gabriel badilla ripgladiador,N
631,801859882982981632,si senti llevar puto,N
632,801860797131554820,hola sole sismografo humanar,NONE
633,801888490036174848,bueno claro si enviame direccion correar decímetro,NONE
634,801890405939867649,hola decir bien fuerte aguacero viento bajar control gracia preguntar,P
635,801764168747597824,paso igual nosdejaron irnos casar,N
636,801845807309848576,excelente atento comentario,P
637,801870717969174529,alejandro zona rojo,NONE
638,801863340414955521,jurar proximo cuatro buscar apartar alguien poder solo,N
639,801843115824975872,bien sonar nórdico hablar argentar,P
640,801862522840158210,heredia temblor sintio levar horrible,N
641,800832934756360193,querer baldosar granizar,NONE
642,800900381123420160,uri cobarde colar moisesylos10mandamientos,N
643,800897542041047040,shi ano pasar jajaja ah creer,NONE
644,800875352838926336,terremoto alertar tsunami japon,N
645,800869473246793728,hoy puro manana ver papar,N
646,800868885742268416,jaja menos hacer decir si pasar pegar fb,NONE
647,800908849813344256,exigir besar carl enid lindar wtf twd,P
648,800885510575104001,anuncio tv posgrado alma mater tan malo,N
649,800884833509658624,bueno ideo anis saber pancake poder hacer bien,NEU
650,800909913715310592,decir ud similar entonces,NONE
651,800513366355652608,bueno decir acerar callar haha,P
652,800443454547521544,hacer mamar facebook dar pelota meter celular,N
653,800831223610441732,tomese vez listar,NONE
654,800830813650743296,andar mismo dolor sino inflamación parecer embarazar ! horror,N
655,802264821165096960,enero ropa mas barato si sabian,NONE
656,802158982353788929,triste cerrar ano lindo,N
657,802232548504010752,si obviar importante gracia preguntar,P
658,802227237000978432,poblar andar patrullar recolectar alimento perecedero casar donar costaricaunida,P
659,801607174636077056,super ansioso asunto dar tranquilidad papar mas,N
660,801628658427424768,ver igual podia hacer,N
661,801577371476299776,invitadisimo hacer coser diferente involucrarse dar espacio mejor gente,NONE
662,801576904981626883,mililitro amigo sii pobre extremo seguir,NONE
663,801654234248806400,gripe mojar,NONE
664,801653978991886336,dejar congelar amar rating,P
665,801638200334811137,amar seriar q hacerlo,NONE
666,801648039345745920,anteojo estan demasiar flojo mesar comprar,N
667,801647312036646912,solo pensar proteger gato perrito,NONE
668,801646462547456001,segundar cuartar golden llevar punto,P
669,801651061928972288,vida conspirar injusto jaja,N
670,801682432231702529,curridabat calmar gota aguar calentar 20degv nomegusta,N
671,801916320329715712,hidalgo hacer diario hoy mas palpable emergencia [ ? ],NONE
672,801958572213108737,ok ver lado positivo motivar hacerle drama restar si vida,P
673,801978181167288320,matar voz sepsi deber tener decir gaby lunes regresar todo pato,P
674,802021065950195712,ir ser noche mas largo,N
675,802002493328785409,repollar ud ultimamente amargar,N
676,802071121084514304,hora devastador efecto otto pais realidad,N
677,802031513302867968,gloria seriar probable triste,N
678,811697149637488641,hoy poder ser penúltimo capitular ragnar lothbrok,NONE
679,811617569295699968,rompio pantalon horizontalmente muslo debajo nalga moda,N
680,811628327609966593,triste historia vaco,N
681,811614576861216768,chivo pasar debajo puente platinar siempre querer seriar,P
682,811657609887543296,! ! poblar mas bonito espana enhorabuena solo rioja solo bueno,P
683,811638449077948416,ahh fijar casar especificar hablar solamente vestimenta,NEU
684,811644803838607360,solita oficina pondre videos coser paranormal audífono,NONE
685,811666031643074560,solo vestir feo demas ok,NEU
686,811193408878481408,ayer iniciar proyectar hacerme propio huerta,NONE
687,810824587361525760,decir trabajar salud vacación tambien,P
688,810694264946618368,ja ja precioso condenar,P
689,810670660867526656,juego polvora perrito asustar,N
690,810870164233261056,stargazer librar chivo bueno punto comer entonces,P
691,810351346788528128,hijueputa tela salio queria volver quedar acostar,N
692,810322496079757312,asi salir hoy,N
693,810326683169521664,ir pasar ano nuevo playa bueno,NONE
694,810213900192989184,extrano belen tan chivo,NEU
695,811407432421404673,ir encontrar ex hotel,NONE
696,811453924830023681,hermanar convertir comedor principal cafe internet,NONE
697,811955602046013440,acordar clinica nora peri casar lote llorar manar,NONE
698,811819332581859328,todavia comer maldito tamal,N
699,811782203738910720,personalmente bloquearla inmediatamente final belleza so,NEU
700,811803758560768001,hoy primero premier exito,P
701,811786773537968128,nombre llegar sabado am mejor jajaja,NONE
702,811783431558295552,siempre bueno opinion playo,P
703,809178498103439362,ser mas distraido mundo,N
704,809274124820512768,ojalar bloquear mas grande cel,N
705,809382645754957825,todo familia ir dormir graduacion,N
706,809223061157400576,esperar jefe manana librar,P
707,809286148916920320,arroyar jajaja nunca spoiler odiar recomer meterse tw manana,P
708,809267386717274112,defender poquito,N
709,809259678505046018,mas triste esperar si,N
710,811041345288732672,rayar mas grueso gustar puma saber hacer,P
711,811080053866057728,bueno igual vere protagonista guapo,P
712,811086379199397889,mamar todo ropa escoger feo ver poner,NEU
713,810948277957001216,llevar tiempo tan quemar,N
714,811095261829271560,igual feo horrible espantoso,N
715,809599585001816064,rajar si ir extrañar poquito,N
716,809428087935004672,bueno dia ivrecagu mucho gracia comentario gustar servirle,P
717,808888543338778624,serio mejor compania marce quitar bueno,P
718,808896048680861696,igual hoy pecar feo,N
719,808473316520562688,feliz terminar cuatro exito ahora sonar grande,P
720,808489751816929280,raro mio si real,NEU
721,808491123559845889,lunes volveran ser igualar cadena,NONE
722,810599314213011456,perez ah bueno gracia tan pendiente,P
723,810540437819760642,ayer dar botella pegar tragar pensar yin fresco gracia marifer,N
724,812111423102926851,poner ver int manning empezar igual,NONE
725,812110006564831234,digame caro bien pobre,NONE
726,812354803485540352,amar nuevo cancion sofia rey,P
727,812059929213366273,querer mover estupidos aeropuerto,N
728,809123827263438853,proxima vez ir bar servir solo,NONE
729,808876462212317188,cortar pelar sentir demasiar pelota,N
730,808870364856090625,manana dia librar mas hacer dormir,P
731,808862160994664448,cada vez ver muchacho mas guapo,P
732,809169530731823106,amador errar d humano deber d pasar mas,P
733,808901597615034372,seguro productor centrar traer siempre,N
734,813077435386302468,tener grande expectativa futuro vida,P
735,813467340713193472,ir volver dejar pampa lindísima,P
736,813596007481167872,ir manana playa confiar sol quitar gripe tan horrible,P
737,813584750380204034,envidiar bueno manera oportunidad ir manana estadio,P
738,813521592462540800,casi mision imposible super lindar,P
739,813541810853310464,mandar abrazar venir dias duro superar eventualmente,P
740,813907408120672258,arrepentir ah ojalar dinero infinito,NEU
741,813911552172625921,queres comprar mucho coser pobre,N
742,813972029267410944,extrano demasiar dias demasiar,N
743,813854554001436677,hacer feliz aun mas triste poder teletrabajar,N
744,812433686750756864,misionero ideal oh claret beaton nuevo,P
745,812448341468545026,manana entonces buscar pasar navidad dejar solo,NONE
746,812166030462160897,dar tanto plagar tener ponerle cono nuevo whisky,N
747,812132464919506944,querer amigo gustar gusto musical vivir largar,NONE
748,812196050903728128,rico silenciar cuartar,P
749,812688090015772672,desayunar guanacasteco hoy nochebuena hoy dar vueltita nicoya,P
750,812906523936587776,pense hacer belen machu nuevo dejar solo,N
751,812910113963048960,feliz navidad feliz navidad feliz navidad feliz navidad,P
752,812914757019779076,negro ah mae durar dia,N
753,814193006739918848,si decir querer mamon chino decir vulgaridad,N
754,810126945807699968,matar ultimar vez cine,NONE
755,812762537938788352,hola mas sur,NONE
756,812752893946236928,decir comer maas casar solo mamar,NEU
757,811231191332487169,gut aun fecho definir avisar apenar saber,NONE
758,811195457657569280,fijar luego junto olvidar palomar,NEU
759,811219074059476992,jajaja triste hoy conseguir,P
760,811212211410583552,mami acabar ir extrano,N
761,814995688723456001,seguirme unico hacer,NONE
762,814907771829239808,ayer llorar ver snap plagar,N
763,814456696194080768,reggaeton lento cancion fin ano,NONE
764,814710034236080128,casar apenar mandar asi jaja,NEU
765,814670953611460608,deber ser mejorar hacer mencionar,P
766,816042138014253056,ver bridegroom netflix puro mocar venir,P
767,816038188607242240,ser productor radiofónico mejor vida,P
768,815954242070609922,estan canton central ojo,NONE
769,814536151952461824,si ocupar gente detener disponible,NONE
770,815326818479775744,abrazar enorme sos exito,P
771,815388797747666944,alvarez si funcionar ! si ver cumplir,P
772,814853214050906112,querer tener carro hacer rapido,NEU
773,815439552038977537,tristeza mas hp dar siempre ano nuevo,N
774,817864316372348928,encontrar ninguno bueno seriar nf,N
775,817069708927266816,alpha suerte tener feliz ano,P
776,817032173689696257,sip entendi tuit anterior,NONE
0,769802080701648896,decir final opinar igual tú tampoco q final mas malo historia regular,NEU
1,772253053328105472,mesar banda largar parecer omar brien segun freddy ex papel lapiz vane nene,NONE
2,775091274475003904,dia quejar x capuccino cobrar mas valer caja leche mandar mierda,N
3,768874738089275393,sabado casar adriel hacer sentir super viejo matar ibamos poblar viejo x lado saliamos fuck off niñero,NEU
4,767564596177666048,igual baul recuerdo jajaja bueno conocer solo ver tweet dar gracia,NEU
5,768207044864307200,mundo preso fin seguir entender parámetro acelerar x segundo claro si querer página pique,NONE
6,768306533092384768,﻿1 ano empecer vivir lejos casar mami llamar dias pasar dias amor acabar,N
7,755759178006745089,vestir vez memoria jejeje sentir emotivo ojalar ver ver,P
8,775919409596538881,si manana entrar metal ir sentir mal profe decir ir revisar suave si pasaria profe todo cosi,P
9,760353716826353664,repetir sentir haberte hacer gran evento pais comeria tiempo apenar poder,NEU
10,760133031076126721,andar peor tinkerbell ano mozo si ver hoy tia comeria solo maqueta q hacer,N
11,755854857857138688,lindar ir despacio,P
12,758521854822797316,estabamos subrayar social apellidar mae kagame tan inmaduro parir reirme casi todo leccion,P
13,766699500891242496,raro q demasiar mal cabeza querer alguien tan danada hablar papar,N
14,761975787306176512,teoria comic ss basar solo joker asi bola ridiculo deberia relajar puto nalga dejar flaco paz,N
15,762726968726999041,profe decir instalar sss campus contestar < < pasar pack v > > molestar,NONE
16,762115048969940992,dar risa decir si tan amable tan amable diay quedo,NEU
17,759492187721601024,raro vez viajar bus poblar ser exacto vez ano do vez descomponer bus ser chistar,N
18,778614159189553152,minuto tardar brete entrenar gozar gym pobre familia mae fallecio accidentar desear mucho paz,NEU
19,778433257532563456,tweets marian record crush gustar axl rose si gustar guns n ros asi saber si ser feliz,NEU
20,779183326301155328,viajar ir largar bus incomodar volver peri bien internet gratis minuto,NEU
21,785143441705533442,paso poder twitter whatsapp vez fiesta estan igual bueno perder,N
22,783528310399729665,chile sorprender jaja cole estudiar noche ir super bien u empezar dias bien mal,N
23,783181094556471296,siempre paz mejor suceder colombia ayer doler solamente gente salio votar ganar indiferencia,N
24,779892272922001408,hoy mesar sera dia favorito ano amar diciembre pequena aunque ano estaran tia abuelita,P
25,779518381527445504,compasion tambien,NONE
26,781193607302656000,pastorutti sole porfa saludar costa rico si aca aca ver rincon luz maldito sii,NONE
27,781280725425283072,susto asco colera etcétera luego venir decir necio ruleta,N
28,779780983151362048,tú tan sanar,N
29,780929831462592512,escuchar mujer hablar dieta estricto llevar pensar morir hambre dieta pecar asi,N
30,776135882436808706,bueno entonces tranquilo,NONE
31,786580777848836098,hoy ir hacer pavo seguro nuevo ir decir nana frente pequena historia vida,N
32,786692147894427655,si aca algun chico chico mayor ojalar experiencia tienda necesitar trabajar diciembre poner decímetro,NONE
33,788099613404258304,bueno alguien pagar mae odioso gratis jajaja altruismo gente vera,N
34,788512364572270592,querer tuitear jajaja,P
35,788525644468539392,cada vez ver moto correo costa rico < < senor llevar ahi nombrar > > ahorita llegar ahorita llegar,NONE
36,795475383659413504,mami sabado ir ir comer ir ir si claro mami 1 ir ir misa ah llegar lugar mami,NONE
37,790364401412878336,mucho gracia querido spoilers twd,N
38,791715354372300800,pleno deberia existir siguiente conversacion hola hola bien tú conversacion q paso ahi,N
39,791045004558991362,triste verdad,N
40,791493489754271745,alguno enfermedad aprender ser mas fuerte nunca sufrir igual solo aprender vivir,NEU
41,790414725708410880,volver costumbre domingo noche ver episodio anterior snl hacer recibir lunes mejor mood,P
42,791152385070604288,designar aficionar mundo nippon aunque eleccion sonar final feliz milímetro,N
43,785671856447561729,si q ver ir clinica q pedir minimo dias vacación xq carnet dias,NONE
44,786282786864795649,chivo llegar caro verguenza pedirle fi quedar sacar tarea decir claro,P
45,784592756295475205,hablar espanol guapísimo bus pense ibamos casar despedir preguntar ! ir lagrimear,N
46,798212939878637569,super luna lleno significar gente ir andar loco do semana partir hoy manana let the hunger games begin,N
47,806148762041221120,jarabe tos hacer jugo naranja saber feo [ ? ] jugo mejor vida,N
48,805887649223352320,ir asi silvio rodriguez ismael serrano cristian castrar homenaje jose jose buki asunto seriar,NEU
49,804761791129677824,tú quebrar pierna ir hospital diagnosticar t daran posible virus tenes defensa bajo,N
50,804176696761008128,hoy decir mamar cerrar noviembre solo falto temblor listar ahora decir q pa cerrar solo falto pegarme gordo,P
51,805502085550788609,personar impacientesgaby,NEU
52,803341208311447553,hoy primero vez ano vida comi chirrido jaja sabio rico si chicharron pellejo serio mejor,P
53,802732872398409728,venir sabana uber salir mas barato dar contar concertar guns venir terminar tarifar dinamitar,N
54,802719339749244928,hoy gimnasio hacer rutina brazo ahora tan doler costar levantar chicharrón birra gymrat,N
55,802343404705300480,mas lindar dia hoy muchacho cruz rojo decir abarrotar víveres,P
56,802394142739406848,intolerante lactosa,NONE
57,799968613717385216,presionar mas común pais mostrar cultura costa rico puro vida poder agregar,P
58,806531534203322368,personar jovenes deberian partir muchacho super emprendedor llenar suenos mucho forzar familia amigo,N
59,807631904371515392,madre increible plato singapur jorge mendes representante pasear valencia,N
60,806482599053037568,dificilmente querer seriar ust si empezo yale nudes respetar vera buscar seriar bonito [ ? ],N
61,808138504651870208,tio dias momento pensar hablar verdad sentir conmigo siempre,NEU
62,796545647705026560,alguno estudiar u latino si mucho molestia mandar decímetro pequena encuestar fa,NONE
63,796128450373386240,acabar topar seonsaengnim semáforo preciar comenzo hablar coreano profe compasion hablar ingle,NONE
64,797149515799293952,si gustar carro reno vez ver bonito vez ridiculo cualquiera caso sacar sonrisa,P
65,797239159777820672,valer mae hoy conoci mae super guapo suave enseñar foto minuto despues enseñar valeria ex jajajaj seguir,NONE
66,797212870337560576,chile ninguno foto etiquetar parecer decir mirar papar salir si sabian querer morir solo,N
67,796061074546102272,bong pipa picador boleta vaporizador soplete 5gs wax bolso requisar quitar bueno dia,P
68,795162170711506944,bueno gente twitter hoy descansar crush escríbame whatsapp orgulloso ver,NEU
69,809442483759415297,hola mucho bendición ver si ser ayer regalar camisa sele pegar jaja pase genial,P
70,808498067859275776,dios daria dinero menor tarjeta paypal dios mal deber pasar,N
71,809130023571562497,ir peor migraña paso dolor entrar goma postdolor amnesia hacer adolorida,N
72,809900091280596992,nombrar caballero tocar hombro espadar mas comun darles cachetada olvidar juramento,NONE
73,809856263190446080,mae bueno gustar concertar alegrar tambien hacia falto tocar pieza,P
74,798280753637421056,venir casar papar decir abandonar chantajear comer hoy ir playa noche,NEU
75,801506888072495112,fe tec igual masoquista siempre hacer ir lugar,N
76,801240137422295040,orinar cenizo hoy ver nina patinar cascar divirtiéndose plaza cultura lindar,P
77,801535220642172937,hey mandar huevar otto fin sobrino tenian partir emocionar gustar futbol,N
78,800366970801713153,dejar hacerme spoiler estupida,N
79,800775212946124800,camacho video raro pobrecitas chiquito si mamar malo mae vida estan pagar,N
80,800819538556317698,ambos mindblowing lastimar white collar terminar asi repente esperar segundar par ta suits,P
81,800699291127975936,ario fijar llegar aguar madrugar pobre familia ahi tanto finca seguro cosechar perder,N
82,801865247187410944,terminar ano vivo,N
83,801874878223777792,facebook celular poder ir hacer safety check amiguitos paises,NONE
84,800860394495492096,hermano mamar hablar personar importante aca hacer tarea calcular dolor cabeza,N
85,800928932941930496,dalia si ver comer mocar ano mentira lindo entender,NEU
86,800912563860946944,bla bla bar mejor querer vida bla bla bla siempre,N
87,800923553180897281,meter mente imagenes habitante callar aforar frios cobijar poder vivir tranquilo,N
88,800876470017134592,si clima seguir asi cobijar bueno opcion mentira vestir,NEU
89,802282752351543296,primero vez uber,NONE
90,802177750656319493,matar renato lopez mexico unico veia news,N
91,801612137357516800,frio ahora despues cada oracion mencionar frase frio asi poder frio,N
92,801676533618409472,valer huracan afectar suponer ser amar tampoco asi mejor saber pasar,NONE
93,801705888486752256,hacer amarillo manzana verde querer morderla luego todo poner feo,NEU
94,801961069275181056,camaras cobaltar tiempo broncearme uno manchar caro solo ganar verme mejor,N
95,802013185775648768,dias pendiente otto personalmente sentir partir suceder momento lamentable,N
96,802020454345089024,ojalar manana ir black friday tocar poquito corazon tambien donar personar perder,P
97,802024658417713152,exacto pasar orto preferir liderazgo alcalde municipalidad institución,N
98,801918569831419904,decir leido nadie decir exagerar huracan escoger bien seguir,P
99,802084003331375104,ir mal amor darle pelota compañero enamorar ﻿1 gradar octavar,N
100,802073533052489728,ganar tirarle bateria externo segundo descargar celular,NEU
101,802036947971670018,nina tan inteligente decir manana telefono mamar ir bien huracan do dias verla,NEU
102,802019134255099909,problema mayoria personar confian huracan tocar tierra saber partir mas peligroso,N
103,802016475989078016,amanecer ir ser bien feo recontar danos ojalar aumentar numerar victimar,N
104,811677988219654144,labio super seco alli,N
105,811710407866019840,re interesar actualizar decir si ver peli hablar pibe dandome entender estan salir,N
106,811676068159619072,ir dar libre gastar dias vacación,P
107,810836383694782468,matar rajar bueno q ir independizandoy lograr meter,P
108,810335405480542208,bueno disfrutar,P
109,811411348890550273,novio pasar mas chill menos netflix dias casar solo,N
110,811419430320271361,itsnathy ah bueno doler menos dedo pie hee jajaja calmo calmo laura arreglar,P
111,811334510403092481,bueno aprovechar,P
112,811904903241224192,bueno dias dias dia navidad irma lopez cabina hora temueveam,P
113,811962232603103233,liberacion vivir mejor,P
114,811732847077756929,querer llorar posicion fetal conseguir tamal masa tomeporblondie,N
115,811743598228205568,ir tener empezar ser mas sociable si ir tocar pasar todo vacación encerrar agradar,N
116,811786365193093120,maes odioso breve,N
117,811807631333539840,igual lindar,P
118,811722899258216448,bueno gustar ninni33cr,P
119,809207932059533312,cr hacer provincia queria solo usar uber cartago queria tamal,NONE
120,809180644148445189,feliz recibir orden patronal ahora adelantar ir ser digital,NEU
121,811032039180877825,tardar mas ir casar sj regresar total hora salud lento,NONE
122,810963142863949824,asesinar embajador ruso turquía ahora berlin camion arrollar multitud mercar navideño muerto herir,NONE
123,809594800613814272,buscar listar,NONE
124,809632409348083712,dejar novio hablar solo quedar bateria creer durmio bueno noche mio dormir,NONE
125,809397326087356416,extrano mundo tambien,P
126,808886917525868544,alimentar delantero llevar empanar marcar sembrar fríjol bueno detener,P
127,808991980357296132,koki pesadilla empezo ladraraullar llorar rarísimo casi matar susto,N
128,808478593735069697,llegar cerrar gelateria sabor quedar cuchara,NEU
129,808684650633760768,indi decibelio escalar logaritmica bajar db bajar terciar ruido agarrar reglamentar salud bajar db,NONE
130,810561096205697025,necesidad fisiológico basica ser humanar si tenes tú mismo,P
131,812000812348141568,decir mls llevar xY= francisco calvo siempre parecer insoportable,N
132,809118287355408385,acabar caer celular taza aguar ahora sonar horrible,N
133,809117146437533696,perfil privar impedir,NONE
134,808856259243941888,importar si llevar visitarme apartar aburrir,N
135,808855425198288897,bueno regalar cargador nuevo lifeproof telefono,P
136,809141206546518029,gracia necesario jaja,P
137,813176106266361858,game cube gustar ver facil cortar gustar mas,P
138,812856735660707840,gracia apartar contaminar ambientar perro preinfarto primitivo bombo,N
139,813058638583656448,unico querer gato aparecer querer vivir necesitar escucharlo verlo,N
140,813151594241998848,leer lado novio regalar pasar novio novio bonito deber ser,P
141,813031728759586816,chile terremoto peor ano,N
142,813533559118036992,ahora adolescente cool querer ir conmigo cine,N
143,813523080526098432,super triste imaginate familia personar sobrevivir,N
144,813601613080391680,fiebre nuevo mami poder tomar pastilla valer verga hora,N
145,813597641623928832,ayer mas nunca extrañar amigar rumors teniamos casi tradicion ir capotar junto,N
146,813588062521454592,extrano mangel edicion dar todavia,P
147,813878564097495040,feliz metiéndole plata carro,P
148,813845621681651712,trailer volcar rotonda fuente disparidad cambiar nunca tiquicia,N
149,813855106269581312,vivir ciclar rarísimo pensar viernes domingo 3 viernes semana,NEU
150,812496259131080704,feliz cumpleanos cr pasar bonito,NONE
151,812535372303437824,celda seguro si solo decir aun,NONE
152,812409805407211520,beber apagar cel quedar registrar numerar gonzalez,NONE
153,812204181033455616,cada dia dar contar mas amigo conoci temporada pasar big sky estan ano alla ir ser tan feliz ver,P
154,812181869093679104,gran lacrar llevar audífono iphone dejar samsung turno manana hacer pelar,N
155,812638402344579073,jajaja sera risa sarcastica xq sera gente superar ver alguien cicatriz rostro,N
156,812837803340009472,ahi ir cambiar habitos hacer nuevo estilar vida,P
157,812843967805005824,molina periodista nacion ud decir bueno verdad ver ideal,N
158,814151400263454720,cualquiera declarar hoy creer solo ir jugar sentimiento,N
159,814209893242720257,ver imagenes resultar mas sencillo imaginar,NONE
160,814127974593216513,felicidad lau pase genial,P
161,814213560075227136,comenzar malo noticiar ir tener got ano,N
162,810185580432785408,torre ahora ver horrible,N
163,810105754615218176,diego perder proximo partir,NONE
164,813253899402428416,si iniciar bien dejar solo tarima claramente costar,N
165,813253080586264576,pues verdad gente decir partidazo marcador influenciar arbitrar tácticamente malo,N
166,813418658399657984,aun aparecer buscar techar alrededor designar peor gracia preguntar,N
167,813436683215630336,mensaje mas triste navidad,N
168,813436195506192384,ah si charita irse jueves andar aqui navidad nicotina,N
169,813216843888525312,querer mas lasaña ayer cocinar rico adoptar ayer,P
170,813282409508651012,hacer vivir fiesta rubi,NONE
171,813270032591572992,saludar crush segundar semestre casi acabar ano dejar ser crush dar pelota,N
172,813280351061680128,puto ps4 pro quedo pillar congelar pensar solo vario amigo mismo,N
173,813294548407504896,serio tan malo dejar librar medio empezar llamar mas atencion,NEU
174,812335039744708608,gustar modo nocturno twitter pasar entrar cada rato escribir ahorita,P
175,812318022723629056,alajuela feo calentar,N
176,812391559052333056,cada hacer dar puto ganar mujer deberian dejarlas pintarse cejar,N
177,812370153673465856,escandalo junto foto,NONE
178,812757400872697856,durar todo vida ver luna mamar bueno mamar [ ? ],P
179,812778110508822528,venir dar contar si gordo navideño siempre si regalar santo despistar marchar regalo pagar gracia,P
180,812706599609520128,solo villancico gustar,P
181,812719530749399040,ocupar rueda nuevo patinar,NONE
182,811304200596574208,exacto deberian hacer ultimar diciembre mas gente vacación,N
183,811201688069672960,cierto trabajar alcoholismo opcion,NEU
184,814569270013292545,ugh sii peor,N
185,814586271372820481,preguntar si sali trabajar aquel montano trabajar bendecir diciembre,NONE
186,815254626756952064,serio lindar pertenecer listo,P
187,815215117906415616,sc jurar iria si noche viejo salir comprar hoy hacer cenar gracia santi,NEU
188,815054296966451200,hacer listo recuerdo mente conclusion ano ser gran ano dios ser buenisimo conmigo,P
189,814519975457259521,ver dresscode brete molesto solo querer poder tenerme pelar morar,NEU
190,814810244299845632,mensa suponer tocar mas caro maria tenia tarifar dinamitar,N
191,814265797560377344,ahora andar divagar canal decir contar eliminar video favorito vivir,N
192,814280007241633793,nadie echar bromar dia inocente,NONE
193,814625424953245697,necesitar abrazar marce momento mas cercano,N
194,814686198614593536,amigo decir ir quedar solo ser tan cortante peor sentir cortante,N
195,814711564150444032,centímetro poder ingerir bebida alcohólico marihuana tabaco acompañar,NONE
196,814642397724504064,javier seriar gustar encantar,NEU
197,814664927566790656,hahahaha enojar solo jugar aunque cierto,NONE
198,815757000395096064,pasar dar minuto datar falso siempre minuto,NONE
199,815975237284200448,amar lunes libre,P
200,815965415969013760,divertir gaby control haberme pasar seriar cada vez llegar mensaje dar miedo verlo,N
201,816079943423709185,tamaño tractor atrever usurpar espaciar personal bus detener parecer sardina,N
202,816092941626261504,siempre existir tipo mujer entender deber andar regalar mae novio ocupar,N
203,814533970398420992,despierto mediar dia abuelo,N
204,814506704083812352,conocedor gracia manana celebrar ver aun ahorita avisar,P
205,814505124265684993,woo messenger mejor zumbido sera mejor inventar vida extrano,P
206,814553685778894849,feliz,NONE
207,814244678853947392,escuchar disco encantar talento joven,P
208,814595657470275588,ay vestir nuevo temporada bueno sugerencia,P
209,814352759558438912,vez tan sincero quedar si grosero,N
210,814311352235921408,hara transmision asi do ano anterior aunque ratico fi,NONE
211,814262160696152065,mejor vida ver skin,P
212,814328197823270916,si igual tú pase bonito,P
213,814334163956461568,mas triste caer senal tigo ver online pc nuevo musicar,N
214,815380677130452993,esperar pasar bien bueno,P
215,815402868828241920,bueno ano nuevo transmitir bueno vibrar ! feliz ano,P
216,815401368097792000,querer hacer brindis menos personar hipócrita,N
217,815289714886475776,centímetro ir invitar nadie gente ir meter solo conversacion,NONE
218,815298061341753344,decir ganar ano bonito crecimiento lograr coser bueno,P
219,815333038930411522,loar pidio favor decir dar chance hacer mal colocar ir ver re culpar ir hacer,N
220,815330846207053825,chiquito juguete nuevo,P
221,814867071792189440,mucho gracia igual tú mandar mega homo abrazar,P
222,814893851739615232,pan integral prosanafoods estan riquísimo disponible hoy mas informacion,P
223,814985163528609796,cr mandar traer xl ebay quedo enorme panzón jaja,NEU
224,814718222796812288,salud formar costar mil clase si sport center tambien dar,NONE
225,814635251737755648,casar bien derecho equivocarme si tweet ambiguo hahahaha saludo,NEU
226,814877758115512320,disparamaniguisdispara programar excelente sui genesis siempre maniquí dar valor agregar,P
227,815580205976879104,listar empezar meter ano,P
228,815579541188055041,﻿1 objetivar ano aplicar ley atraccion 1 enero,NONE
229,815579272379252736,ano prometer llenar coser bueno esperar ansia cumplir mucho meter vencer miedo conocer personar,P
230,815599554120843264,aww ninos llorón favorito,NEU
231,815608025906106368,empecer manera mas anti posible tomar alcohol feo,N
232,815626648443830273,bueno desayunar fin comer decente ejercicio dar,P
233,815651119284293633,desear gente bueno cansar ser bueno mas dificil gente hacer mal cambiar,NEU
234,815425441699872768,palabra preferir gratitud funcionar mejor agradecer,P
235,815444684789207040,jajaja septimo dia descansar mal mae sentir,N
236,815017833776156672,casi despachar vida mediar roblar grabar audio torpe senti,N
237,815432284815978496,hacer poquito dar uva pm solo quedar,NONE
238,815465805387272192,aun ebrio empecer mal ano,N
239,813739636161998849,ano comer tamal jajaja,NONE
240,813813653841604609,valer madre todo gente famoso murio excepto keith emerson bowie carrie,N
241,813642485960478720,stargazer ah mae mierda bueno pasar mas cercano posible bueno dentro,NEU
242,813626979157180416,tenia mas ano usar premiere pro tan malo editar ahora olvidar,N
243,817786900249509893,whoo extrano monton [ ? ] hippyhop club vertigo,P
244,817837962809446401,triste sigasestoy sad,N
245,817825351875395586,sentir ir hacer dificil acostumbrarme vida responsabilidad,N
246,817900677657755648,coser asi seguro tomar bueno decision,P
247,817885730873675776,siempre intentar ver nuevo seriar nf terminar ver stranger things,NONE
248,817891301463126016,triste conocer trap artista trap genuino,N
249,817897886201643008,tocar cofre picar legendario grs si responder,N
250,816852552184631297,trabajo cursar bonito q hacer,P
251,817081915366838272,herrero unico poder rescatar top coldplaypero cincar,N
252,817066773077983232,yass jaja legal asi pedir abdomen perfecto,N
253,816210555119800320,ignorar peroo bueno,N
254,816273964158881793,feliz martes pásenla bonito sonreir,P
255,816281093158694912,genial tenes ir merecer listo lugar conocer ano,P
256,816502047000424448,mc oppa ahora jugar futbol jajaja diay tenia formar saberlo coordinar,NEU
257,816357552602697729,decir menor ano,NONE
258,816123270932135937,si feo feo foque madre,N
259,816465959426916360,ultimar dia vacación rapido,N
260,816399444862267392,bueno check pendiente izetta finalizar milímetro creer dejar molestia final acelerar,NEU
261,816395981373718528,rico gracioso,NEU
262,816388550975516673,asi quedar delicioso lasagna prosanafoods bologna lasagne ragubolognese raguallabolognese ..,P
263,816393094417551361,soler pasar si medio quitar sonar mas raro,NONE
264,816158587873542144,cr genial seriar ir ir dia,P
265,817229375800307712,satisfaccion dar ver email cargar trabajito,P
266,817219819128770561,serio chulo tener gopro casar salir asi tendria,NEU
267,817204189667401728,dani proxima chingar jaja mae extrano,NEU
268,817256231563710467,si si tod disfrutar monton decir hacerle examen oral personar,NEU
269,817243576279109632,-- estudiar -- licenciatura danzar moderno habilidad manual fuego elementar natural -- tragafuegos -- jajaja si,NONE
270,817151700335267841,bueno gato regresar malo creer vecino poder dejar,NEU
271,818140722339713026,ojalar aun entender bien motivo assange destruccion total,N
272,818115483442544640,regalar pasar general caño,NONE
273,818119101361098752,tampoco cursi,P
274,818118063077883904,peludo pichoncito antiguo,P
275,817795138525270016,digalo bonito regan,NEU
276,817850221782769668,menos podria traernos postal santiago,NONE
277,818091559191281665,si cierto querer llegar bien recibir ir celebrar cumplir familia,P
278,818124759233949696,semana ser vegetariano pequeno gran lograr,P
279,817820097523945473,primero vez creer llegar despues ir tener esperar hacer feliz,P
280,816802728739536901,camara unico permitir cambiar,NONE
281,816802684376322048,jajajajajja cagar si listar,N
282,816874287013462016,cuidar ver siempre bueno salud enfermedad poder llevar rapido hoy llevar alguien,N
283,816818321907744768,argo ir preguntar mismo,NONE
284,816868854047666177,favs ir ir triste asi,N
285,816727041513058306,realidad enero aca hacer bueno sol,P
286,816775955746275328,poner vacuno decir mami metano doler muchisimo brazo exagerar,N
287,816924746713534465,uno enorme anotar conocerte,P
288,816101821953544192,nariz helar jajaja perrito,NONE
289,816174084899872768,culpar chino audífono,N
290,816205753002393600,gracia tambien triste ver,N
291,818464122845143041,entrenador personal solo super chivo,P
292,818569761420443648,entender pizzeria costa sol servir fresco ca tan feo,N
293,818568952188203010,pleno servicio solo poder utilizar windows,N
294,818461166766870528,ahh menos si decia alicia emilia mandar dar perder porel cursar ! relajese ir quedar,P
295,818527014890180608,complementar paso momento increibles personar dar contar necesario contar,P
296,818593615295447040,volver varar lleno cenizo residencial don eloy,NONE
297,818498545170923522,tú tampoco dar fav tenes contentar,N
298,818262631119290370,querer entrar tanto clase pobre,N
299,818287820469075970,poner ropa deportivo usar nadar sentir gente pubertad hacer boom primero vez,P
300,818308993345056775,admirar demasiar mujer subir foto vestir bano asi complejo permitir,P
301,818325980683108352,manana ir ir montar solo,NONE
302,818327602930847744,ojalar viento llevar malo suerte ligar eh ok merecer unfollows,N
303,818323163041976320,desearia aurin sucio mojar dormir conmigo,N
304,818013182891622401,querer elevar barrer seguir preparandomewaoo extraordinario mundo cafe lovey [ ? ] [ ? ],P
305,818036085095878656,tan largar tan cercar sera tanto similitud solo esperar dios querer,NONE
306,815930347473014784,rock rico provecho dia,P
307,815945994126979072,nuevo retar enorme especialmente vivir cr nomoredrinks vamo ver,P
308,815934657132892160,amar librar hoy,P
309,815792016584036354,esperar encontrar alguien ano muchacho hey hola mae mas necio,NONE
310,815854866719510528,partir pedir grito fluoxetina nuevo saber mierda poder ser,N
311,815805800614596608,llegar apartar desmayar hambre,N
312,815713308678488064,feliz ano bendición nuevo ano,P
313,814451722261331968,depender ruta asi presupuestar pasame info please,NONE
314,817590586328940545,gracia si mas feo pasar,P
315,817563885024776193,queria subia preciar nuevo playa,N
316,817578798745001985,25 jaja joder si impresionante rapido ir varar vera,NEU
317,817622127755005953,dormir desperte mensajeahora poder dormir,N
318,817600233832153088,nicole page brooks from atlanta georgia mas icónico todo serving fish,P
319,816582335407816704,posible hoy ultimar noche koki terriblemente enfermar viejito poder dormir,N
320,816537145351503872,francotirador espartano murio ley,NONE
321,817006360571314176,ayer sandoval revisar lechuga felicitar hoy sentir mejor agricultura mundo,P
322,816371149810581504,si completamente innecesario jajaja tan lindo intimidar,NEU
323,816287041126277120,! bueno dias yeimytemueve partir momento escribi corazon cada dia mejor anotar,P
324,816317032488648705,queria broncearme nalga patio casar santo ramon amanecer super nublar,N
325,816316504442540033,si encontrar avisar morir nadar horario deportivo servir,NEU
326,816298996717223936,cr ah queria tambien mencionar soportar solo linear telefono tambien whatsapp,NONE
327,816298611218771968,cr molestar llamar preguntarme si satisfacer servicio si poder hacer,NONE
328,816475504802988032,gente desubicado vecino arreglar techar hora noche ademar preguntar contestar techar,N
329,816664775048437760,hoy listo bueno dias berta comprador regalo,N
330,816684815093211136,mae tan idiota tomar jarabe tenia mucho tos ahora si borracho poder estudiar,N
331,816679572477460480,acabar osar tigre demas bueno mientras durar,P
332,816703989093957632,grande promesa,NONE
333,816693073287778305,jaja pasar tiempo ir ver feo,NEU
334,816709127942635524,sii entrar clase tierno,NONE
335,816707956465090560,cenizo harto arder ojo,N
336,816718553961349120,intentar hacer estomagar mas pequeno durar,N
337,817471218395791360,pasear raptor 700 special edition belleza lastimar,P
338,817482745152675841,regalar bombita escopeta cada american defender lindar,NONE
339,817486639681466371,mejor recordar junto bntresponde,NEU
340,817515240015413248,hoy recibi bueno noticiar llevar saltar emocion minuto,P
341,817435861461692418,necesitar piedra helar unica consegui vulpix alola sacarla resort,NEU
342,817479809328619522,querer meter piscina ahi sentir cenizo arder ojo,NEU
343,817533814239068160,ultimar fin semana vacación,NONE
344,817533579873882112,pedir canción instar cantar pedacito historia ukulele ig oscarguadamuz,NONE
345,817468505528401920,pagar nacion financiero junto poquitín menos C/600,NONE
346,817467447963947009,excompaneros intercambiar siempre acordar cumplir bueno noto,P
347,817464156756574208,volver dejar solo,N
348,817382673849192448,poder esperar hablar amigo todo vida si primero conversacion,NEU
349,817399047426310145,zampaguabas ganar recurso hacer justar demostrar colega usar resumen acomodar,NEU
350,817398630436978689,queso favorito uberempanadas jaja provecho guapo,P
351,818646530227924992,medio tejer jugar,NONE
352,818665915143299075,exito satisfactorio lograr transmitir,P
353,818666967582261248,objetivar seguir aprender decir nunca aprender ahi esperar seguir asombrandome,P
354,818666574911602688,! gracia ojalar cierto pucha verdad responsabilidad invertir,NEU
355,819026306184650753,bueno frio poder comer siempre echarle culpar mismo,NONE
356,819023263485558785,cool mundo dejar gris,N
357,819009329374367744,poder ver poder darme lujo tanto tristeza mes dias debut internacional,N
358,818991850719682565,solo cuestion ponerle bastante dios ayudar bastante love u toar ir extrañar,P
359,818763522477871104,mejorar profes decia obligacion abogar hablar sencillo,NEU
360,818880384855343104,vivir necedad algun dia encontrármelo callar,N
361,818888126458380288,hora medio librar heredia,P
362,818966898507415552,massimo torturar america mexico aqui acostar cama sufrir querer conocerlo,N
363,818838563768832002,gracia susana ojalar asi futuro verdad ahorita preferir preocupar pasarme sobreconfiado,P
364,819220479626059776,felizmiercoles hoy pasar pasar ir ser bueno dia,P
365,819213849224167425,hoy librar jaja viernes poder,NEU
366,819212252675010560,ver ver super lindar,P
367,818867976011128833,gracia chocolatina kiss gran abrazar felizano2017 mucho bendición,P
368,818852374261465088,hey sii si queres paso dato decímetro,P
369,818892873190010881,resultar dr ano super guapo educar amable vivir cartago siempre vivir largar,NEU
370,818894490144571392,quedo semana medio vacación aun hacer productivo,N
371,819063995126648832,profe tcu si odioso mae afiche dar hora decir apuntar durar decir durar hora,N
372,819155840997490688,bonito gente educar gran abrazar tú,P
373,819155501380407297,do tú gran abrazar homosexual,P
374,819243725620649984,jajaja perdon seriar bueno,P
375,819230709789421570,omg rico querer querer fijar peor alumno querer,P
376,819237267181080576,bueno idiota gran abrazar,P
377,819236936929910784,lindo gente educar gran abrazar homosexual,P
378,819228768892059649,igual tú lindar dia fuerte abrazar,P
379,819228623215489024,lindo gente educar gran abrazar,P
380,819335305648017408,sentir mal encontrarle especial luna solo ver mismo punto blanco siempre,N
381,819401045143093249,lindar meter casar dia,N
382,819403665635246082,seguro entender bien tramar verla nuevo todo lindo,P
383,819382362412826625,q poder hacer darse golpecito uno dedo,NEU
384,819405109348204544,felicidad esperanzar ser tio mas cercano hijo primo,P
385,819406610636357632,monge sot si rojo,NONE
386,819337926026862593,antojar empanar colombiano,NEU
387,819383109334552576,nah llenar tanto arrancar pellejo aprendi rascarme verdad pasar,P
388,819366776052060161,oh creer sos bueno drama tampoco tan bonito,N
389,819390895174930432,seriar aprender gracia sitiar amigo recomer ahora ver videos,NONE
